"url","currentHttpCode","lastAccess"
"/?pt=apartment&a=100&ct=maintenance","200","13.08.2025"
"/?pt=apartment&a=50&ct=maintenance","200","13.08.2025"
"/blog/best-cleaning-products","200","13.08.2025"
"/districts","200","13.08.2025"
"/klining-moskva-vao","308","13.08.2025"
"/klining-moskva-zao","308","13.08.2025"
"/klining-prays-moskva","308","13.08.2025"
"/klining-stoimost-moskva","308","13.08.2025"
"/moyka-okon-cena-moskva","308","13.08.2025"
"/prices","200","13.08.2025"
"/services","200","13.08.2025"
"/uborka-na-ulitse-bolshaya-polyanka-moskva","500","13.08.2025"
"/uborka-na-ulitse-nikolo-yamskaya-moskva","500","13.08.2025"
"/uborka-na-ulitse-petrovka-moskva","500","13.08.2025"
"/uborka-na-ulitse-rozhdestvenskiy-bulvar-moskva","500","13.08.2025"
"/uborka-na-ulitse-sadovaya-kudrinskaya-moskva","500","13.08.2025"
"/uborka-ofisov-cena-moskva","308","13.08.2025"
"/","200","13.08.2025"
"/glubokaya-chistka-napolnyh-pokrytiy-moskva","500","13.08.2025"
"/klining-moskva-cao","308","13.08.2025"
"/klining-zakazat-moskva","500","13.08.2025"
"/kliningovaya-kompaniya-moskva-centr","308","13.08.2025"
"/kliningovye-uslugi-moskva","308","13.08.2025"
"/poslezaezdnaya-uborka-moskva","500","13.08.2025"
"/services/dry-cleaning/","308","13.08.2025"
"/uborka-cena-za-chas-moskva","308","13.08.2025"
"/uborka-na-ulitse-nagatinskaya-moskva","500","13.08.2025"
"/uborka-na-ulitse-ozernaya-moskva","500","13.08.2025"
"/uborka-na-ulitse-presnenskaya-naberezhnaya-moskva","500","13.08.2025"
"/uborka-na-ulitse-profsouzhnaya-moskva","500","13.08.2025"
"/uborka-na-ulitse-sokolniki-moskva","500","13.08.2025"
"/uborka-posle-domashnih-zhivotnyh-moskva","500","13.08.2025"
"/?_ym_status-check=103567092&_ym_lang=ru&pt=apartment&a=50&ct=maintenance","200","13.08.2025"
"/?pt=apartment&a=100&ct=eco&s=windows%2Cbathroom%2Cbalcony","200","13.08.2025"
"/calculator/","308","13.08.2025"
"/kliningovaya-kompaniya-moskva","308","13.08.2025"
"/services/office-cleaning","200","13.08.2025"
"/shlifovka-polov-moskva","500","13.08.2025"
"/uborka-na-ulitse-bolshaya-yakimanka-moskva-2","500","13.08.2025"
"/uborka-na-ulitse-patriarshie-prudy-moskva","500","13.08.2025"
"/uborka-na-ulitse-sretenka-moskva","500","13.08.2025"
"/uborka-na-ulitse-taganskaya-moskva","500","13.08.2025"
"/?pt=house&a=100&ct=maintenance","200","13.08.2025"
"/klining-moskva-svao","308","13.08.2025"
"/poslesdachnaya-uborka-moskva","500","13.08.2025"
"/uborka-kvartiry-cena-moskva","308","13.08.2025"
"/uborka-na-ulitse-kantemirovskaya-moskva","500","13.08.2025"
"/uborka-na-ulitse-krasnaya-presnya-moskva","500","13.08.2025"
"/uborka-na-ulitse-lublinskaya-moskva","500","13.08.2025"
"/uborka-na-ulitse-myasnitskaya-moskva","500","13.08.2025"
"/uborka-na-ulitse-novyj-arbat-moskva","500","13.08.2025"
"/uborka-na-ulitse-sadovaya-spasskaya-moskva","500","13.08.2025"
"/uborka-na-ulitse-sadovaya-triumfalnaya-moskva","500","13.08.2025"
"/uborka-na-ulitse-shosse-entuziastov-moskva","500","13.08.2025"
"/uborka-na-ulitse-tekstilshchiki-moskva","500","13.08.2025"
"/uborka-na-ulitse-tverskoy-bulvar-moskva","500","13.08.2025"
"/uborka-na-ulitse-vavilova-moskva","500","13.08.2025"
"/uborka-posle-pereezda-ofis-moskva","500","13.08.2025"
"/uborka-restorana-moskva","500","13.08.2025"
"/uborka-territorii-moskva","500","13.08.2025"
"/uborka-v-vyhodnye-moskva","500","13.08.2025"
"/calculator","200","13.08.2025"
"/dezinfekciya-kvartiry-moskva","500","13.08.2025"
"/districts","200","13.08.2025"
"/ezhemesyachnaya-uborka-moskva","500","13.08.2025"
"/generalnaya-uborka-kvartiry-moskva","500","13.08.2025"
"/klining-moskva-zao","308","13.08.2025"
"/klining-prays-moskva","308","13.08.2025"
"/klining-s-vyezdom-moskva","500","13.08.2025"
"/klining-skladov-moskva","500","13.08.2025"
"/kliningovaya-kompaniya-moskva","308","13.08.2025"
"/kliningovaya-kompaniya-moskva-centr","308","13.08.2025"
"/nochnaya-uborka-moskva","500","13.08.2025"
"/prices","200","13.08.2025"
"/raschet-stoimosti-uborki-moskva","308","13.08.2025"
"/services","200","13.08.2025"
"/services/house-cleaning/","308","13.08.2025"
"/services/office-cleaning/","308","13.08.2025"
"/uborka-kafe-moskva","500","13.08.2025"
"/uborka-kvartiry-cena-moskva","308","13.08.2025"
"/uborka-kvartiry-posle-remonta-moskva","500","13.08.2025"
"/uborka-na-ulitse-bolshaya-bronnaya-moskva","500","13.08.2025"
"/uborka-na-ulitse-bolshaya-cheryomushkinskaya-moskva","500","13.08.2025"
"/uborka-na-ulitse-bolshaya-nikitinskaya-moskva","500","13.08.2025"
"/uborka-na-ulitse-bolshaya-nikitskaya-moskva","500","13.08.2025"
"/uborka-na-ulitse-bolshaya-sadovaya-moskva","500","13.08.2025"
"/uborka-na-ulitse-bolshaya-serpukhovskaya-moskva","500","13.08.2025"
"/uborka-na-ulitse-dmitrovskoe-shosse-moskva","500","13.08.2025"
"/uborka-na-ulitse-frunzenskaya-naberezhnaya-moskva","500","13.08.2025"
"/uborka-na-ulitse-komsomolskiy-prospekt-moskva","500","13.08.2025"
"/uborka-na-ulitse-malaya-dmitrovka-moskva","500","13.08.2025"
"/uborka-na-ulitse-malaya-gruzinskaya-moskva","500","13.08.2025"
"/uborka-na-ulitse-marksistskaya-moskva","500","13.08.2025"
"/uborka-na-ulitse-michurinskiy-prospekt-moskva","500","13.08.2025"
"/uborka-na-ulitse-nakhimovskiy-prospekt-moskva","500","13.08.2025"
"/uborka-na-ulitse-novyj-arbat-moskva","500","13.08.2025"
"/uborka-na-ulitse-prospekt-marshala-zhukova-moskva","500","13.08.2025"
"/uborka-na-ulitse-sadovaya-samotechnaya-moskva","500","13.08.2025"
"/uborka-na-ulitse-sadovaya-spasskaya-moskva","500","13.08.2025"
"/uborka-na-ulitse-sadovaya-triumfalnaya-moskva","500","13.08.2025"
"/uborka-na-ulitse-sofiyskaya-naberezhnaya-moskva","500","13.08.2025"
"/uborka-na-ulitse-timiryazevskaya-moskva","500","13.08.2025"
"/uborka-na-ulitse-ulitsa-1905-goda-moskva","500","13.08.2025"
"/uborka-na-ulitse-volokolamskoe-shosse-moskva","500","13.08.2025"
"/uborka-posle-arendatorov-moskva","500","13.08.2025"
"/uborka-snega-moskva","500","13.08.2025"
"/?_ym_debug=2&pt=apartment&a=50&ct=maintenance","200","13.08.2025"
"/?_ym_status-check=103567092&_ym_lang=ru&pt=apartment&a=50&ct=maintenance","200","13.08.2025"
"/?pt=apartment&a=50&ct=maintenance","200","13.08.2025"
"/?pt=house&a=100&ct=maintenance","200","13.08.2025"
"/ezhenedelnaya-uborka-moskva","500","13.08.2025"
"/himchistka-kovrolina-moskva","500","13.08.2025"
"/himchistka-shtor-moskva","500","13.08.2025"
"/klining-moskva-svao","308","13.08.2025"
"/klining-moskva-vao","308","13.08.2025"
"/podderzhivayuschaya-uborka-kvartiry-moskva","500","13.08.2025"
"/poslezaezdnaya-uborka-moskva","500","13.08.2025"
"/razovaya-uborka-kvartiry-moskva","500","13.08.2025"
"/services/additional-services","200","13.08.2025"
"/services/house-cleaning","200","13.08.2025"
"/services/post-renovation-cleaning","200","13.08.2025"
"/services/post-renovation-cleaning/","308","13.08.2025"
"/services/window-cleaning","200","13.08.2025"
"/services/window-cleaning/","308","13.08.2025"
"/uborka-gostinic-moskva","500","13.08.2025"
"/uborka-na-ulitse-altufevskoe-shosse-moskva","500","13.08.2025"
"/uborka-na-ulitse-balaklavskiy-prospekt-moskva","500","13.08.2025"
"/uborka-na-ulitse-bolshaya-dmitrovka-moskva","500","13.08.2025"
"/uborka-na-ulitse-bolshaya-ordynka-moskva","500","13.08.2025"
"/uborka-na-ulitse-bolshaya-polyanka-moskva","500","13.08.2025"
"/uborka-na-ulitse-bolshaya-yakimanka-moskva","500","13.08.2025"
"/uborka-na-ulitse-chistoprudnyj-bulvar-moskva","500","13.08.2025"
"/uborka-na-ulitse-hodynskiy-bulvar-moskva","500","13.08.2025"
"/uborka-na-ulitse-kantemirovskaya-moskva","500","13.08.2025"
"/uborka-na-ulitse-krasnaya-presnya-moskva","500","13.08.2025"
"/uborka-na-ulitse-kremlevskaya-naberezhnaya-moskva","500","13.08.2025"
"/uborka-na-ulitse-kutuzovskiy-prospekt-moskva","500","13.08.2025"
"/uborka-na-ulitse-lomonosovskiy-prospekt-moskva","500","13.08.2025"
"/uborka-na-ulitse-lublinskaya-moskva","500","13.08.2025"
"/uborka-na-ulitse-malaya-bronnaya-moskva","500","13.08.2025"
"/uborka-na-ulitse-malaya-pirogovskaya-moskva","500","13.08.2025"
"/uborka-na-ulitse-myasnitskaya-moskva","500","13.08.2025"
"/uborka-na-ulitse-nikitskiy-bulvar-moskva","500","13.08.2025"
"/uborka-na-ulitse-nikolo-yamskaya-moskva","500","13.08.2025"
"/uborka-na-ulitse-ostozhenka-moskva","500","13.08.2025"
"/uborka-na-ulitse-planernaya-moskva","500","13.08.2025"
"/uborka-na-ulitse-pokrovskiy-bulvar-moskva","500","13.08.2025"
"/uborka-na-ulitse-presnenskiy-val-moskva","500","13.08.2025"
"/uborka-na-ulitse-profsouzhnaya-moskva","500","13.08.2025"
"/uborka-na-ulitse-sadovaya-chernogryazskaya-moskva","500","13.08.2025"
"/uborka-na-ulitse-sevastopolskiy-prospekt-moskva","500","13.08.2025"
"/uborka-na-ulitse-shchelkovskoe-shosse-moskva","500","13.08.2025"
"/uborka-na-ulitse-shchukinskaya-moskva","500","13.08.2025"
"/uborka-na-ulitse-sretenka-moskva","500","13.08.2025"
"/uborka-na-ulitse-tekstilshchiki-moskva","500","13.08.2025"
"/uborka-na-ulitse-varshavskoe-shosse-moskva","500","13.08.2025"
"/uborka-na-ulitse-varvarka-moskva","500","13.08.2025"
"/uborka-na-ulitse-yaroslavskoe-shosse-moskva","500","13.08.2025"
"/uborka-na-ulitse-zvenigorodskoe-shosse-moskva","500","13.08.2025"
"/uborka-parkovki-moskva","500","13.08.2025"
"/uborka-podezdov-moskva","500","13.08.2025"
"/uborka-territorii-moskva","500","13.08.2025"
"/udalenie-zapahov-moskva","500","13.08.2025"
"/vyvoz-musora-posle-remonta-moskva","500","13.08.2025"
"/promyshlennyy-alpinizm-myte-okon-moskva","200","12.08.2025"
"/","200","12.08.2025"
"/ezhednevnaya-uborka-ofisa-moskva","200","12.08.2025"
"/uborka-pered-sdachey-kvartiry-moskva","200","12.08.2025"
"/calculator","200","12.08.2025"
"/chistka-kovrov-moskva","200","12.08.2025"
"/services/apartment-cleaning/","308","12.08.2025"
"/districts/basmannyy","200","12.08.2025"
"/himchistka-divana-moskva","200","12.08.2025"
"/himchistka-mebeli-moskva","200","12.08.2025"
"/klining-cena-moskva","308","12.08.2025"
"/klining-srochno-moskva","200","12.08.2025"
"/moyka-vitrin-moskva","200","12.08.2025"
"/prices","200","12.08.2025"
"/services/apartment-cleaning","200","12.08.2025"
"/uborka-doma-moskva","200","12.08.2025"
"/about","200","11.08.2025"
"/about/","308","11.08.2025"
"/antibakterialnaya-uborka-moskva","200","11.08.2025"
"/chistka-duhovki-moskva","200","11.08.2025"
"/chistka-holodilnika-moskva","200","11.08.2025"
"/contacts","200","11.08.2025"
"/contacts/","308","11.08.2025"
"/districts/basmannyy/","308","11.08.2025"
"/eko-uborka-moskva","200","11.08.2025"
"/ezhednevnaya-uborka-ofisa-moskva","200","11.08.2025"
"/gipoallergennaya-uborka-moskva","200","11.08.2025"
"/himchistka-matrasa-moskva","200","11.08.2025"
"/klining-24-7-moskva","200","11.08.2025"
"/klining-nedorogo-moskva","200","11.08.2025"
"/myte-okon-moskva","200","11.08.2025"
"/privacy","200","11.08.2025"
"/services","200","11.08.2025"
"/terms","200","11.08.2025"
"/uborka-bez-himii-moskva","200","11.08.2025"
"/uborka-dvushki-moskva","200","11.08.2025"
"/uborka-kottedzha-moskva","200","11.08.2025"
"/uborka-kuhni-moskva","200","11.08.2025"
"/uborka-kvartiry-moskva","200","11.08.2025"
"/uborka-odnushki-moskva","200","11.08.2025"
"/uborka-ofisa-moskva","200","11.08.2025"
"/uborka-posle-remonta-moskva","200","11.08.2025"
"/uborka-s-parogeneratorom-moskva","200","11.08.2025"
"/uborka-sanuzla-moskva","200","11.08.2025"
"/uborka-trehkomnatnoy-kvartiry-moskva","200","11.08.2025"
"/","200","11.08.2025"
"/admin","200","10.08.2025"
"/services/apartment-cleaning","200","10.08.2025"
"/","200","10.08.2025"
"/calculator","200","10.08.2025"
"/blog/office-cleaning-schedule","200","10.08.2025"
"/districts","200","10.08.2025"
"/faq","200","10.08.2025"
"/terms","200","10.08.2025"
"/","200","10.08.2025"
"/about","200","10.08.2025"
"/about/team","200","10.08.2025"
"/blog/apartment-cleaning-price-moscow","200","10.08.2025"
"/blog/best-cleaning-products","200","10.08.2025"
"/blog/cleaning-company-moscow","200","10.08.2025"
"/blog/cleaning-tools-guide","200","10.08.2025"
"/blog/dry-cleaning-guide","200","10.08.2025"
"/blog/general-apartment-cleaning-checklist-prices","200","10.08.2025"
"/blog/how-to-choose-reliable-cleaning-company-moscow","200","10.08.2025"
"/blog/office-cleaning-moscow-24-7","200","10.08.2025"
"/careers","200","10.08.2025"
"/corporate","200","10.08.2025"
"/districts/basmannyy","200","10.08.2025"
"/privacy","200","10.08.2025"
"/calculator","200","10.08.2025"
"/","200","09.08.2025"
"/","200","09.08.2025"
"/?etext=2202.AKMZZ20BHsa-63QqzUfRR_TFbZZWw4LRIojLzgzDWBd1bWdweGpmYmJ5ZmRhZmJp.6789150b2c1dfed2c3ebe5d6827e0b716a2619f6","200","09.08.2025"
"/?etext=2202.AKMZZ20BHsa-63QqzUfRR_TFbZZWw4LRIojLzgzDWBd1bWdweGpmYmJ5ZmRhZmJp.6789150b2c1dfed2c3ebe5d6827e0b716a2619f6","200","09.08.2025"
"/privacy","200","09.08.2025"
"/","200","09.08.2025"
"/blog/how-to-clean-after-renovation","200","09.08.2025"
"/","200","08.08.2025"
"/blog","200","08.08.2025"
"/blog/apartment-cleaning-price-moscow","200","08.08.2025"
"/blog/best-cleaning-products","200","08.08.2025"
"/blog/cleaning-company-moscow","200","08.08.2025"
"/blog/cleaning-tools-guide","200","08.08.2025"
"/blog/dry-cleaning-guide","200","08.08.2025"
"/blog/eco-friendly-cleaning","200","08.08.2025"
"/blog/general-apartment-cleaning-checklist-prices","200","08.08.2025"
"/blog/kitchen-cleaning-secrets","200","08.08.2025"
"/blog/office-cleaning-moscow-24-7","200","08.08.2025"
"/blog/office-cleaning-schedule","200","08.08.2025"
"/blog/window-cleaning-tips","200","08.08.2025"
"/calculator","200","08.08.2025"
"/contacts","200","08.08.2025"
"/prices","200","08.08.2025"
"/services","200","08.08.2025"
"/services/additional-services","200","08.08.2025"
"/services/apartment-cleaning","200","08.08.2025"
"/services/apartment-cleaning/","308","08.08.2025"
"/services/disinfection","200","08.08.2025"
"/services/dry-cleaning","200","08.08.2025"
"/services/furniture-dry-cleaning","200","08.08.2025"
"/services/house-cleaning","200","08.08.2025"
"/services/office-cleaning","200","08.08.2025"
"/services/office-cleaning/general-cleaning","200","08.08.2025"
"/services/post-renovation-cleaning","200","08.08.2025"
"/services/window-cleaning","200","08.08.2025"
"/contacts","200","08.08.2025"
"/terms","200","08.08.2025"
"/admin/content","200","08.08.2025"
"/admin/content","200","08.08.2025"
"/admin/loyalty","200","08.08.2025"
"/admin/prices","200","08.08.2025"
"/admin/settings","200","08.08.2025"
"/admin/analytics","200","08.08.2025"
"/admin/blog","200","08.08.2025"
"/admin/calculator","200","08.08.2025"
"/admin/leads","200","08.08.2025"
"/admin/login","200","08.08.2025"
"/admin/users","200","08.08.2025"
"/blog","200","08.08.2025"
"/calculator","200","08.08.2025"
"/contacts","200","08.08.2025"
"/","200","08.08.2025"
"/admin","200","08.08.2025"
"/admin","200","08.08.2025"
"/admin/calculator","200","08.08.2025"
"/admin/leads","200","08.08.2025"
"/admin/login","200","08.08.2025"
"/admin/settings","200","08.08.2025"
"/?_ym_debug=2","200","08.08.2025"
"/?_ym_status-check=103567092&_ym_lang=ru","200","08.08.2025"
"/blog/cleaning-company-moscow/","308","07.08.2025"
"/blog/cleaning-company-moscow","200","07.08.2025"
"/blog/cleaning-company-moscow/","308","07.08.2025"
"/blog/eco-friendly-cleaning","200","07.08.2025"
"/blog/eco-friendly-cleaning/","308","07.08.2025"
"/services","200","07.08.2025"
"/services/","308","07.08.2025"
"/services/window-cleaning","200","07.08.2025"
"/services/window-cleaning/","308","07.08.2025"
"/about","200","07.08.2025"
"/about/","308","07.08.2025"
"/blog/window-cleaning-tips","200","07.08.2025"
"/blog/window-cleaning-tips/","308","07.08.2025"
"/districts/basmannyy","200","07.08.2025"
"/prices","200","07.08.2025"
"/prices/","308","07.08.2025"
"/services/apartment-cleaning","200","07.08.2025"
"/services/dry-cleaning","200","07.08.2025"
"/services/office-cleaning","200","07.08.2025"
"/services/office-cleaning/","308","07.08.2025"
"/","200","07.08.2025"
"/blog/dry-cleaning-guide","200","07.08.2025"
"/districts","200","07.08.2025"
"/districts/basmannyy/","308","07.08.2025"
"/services/apartment-cleaning/","308","07.08.2025"
"/services/disinfection","200","07.08.2025"
"/services/dry-cleaning/","308","07.08.2025"
"/services/furniture-dry-cleaning","200","07.08.2025"
"/services/house-cleaning","200","07.08.2025"
"/about","200","07.08.2025"
"/about/","308","07.08.2025"
"/about/team","200","07.08.2025"
"/blog","200","07.08.2025"
"/blog/","308","07.08.2025"
"/blog/apartment-cleaning-price-moscow","200","07.08.2025"
"/blog/apartment-cleaning-price-moscow/","308","07.08.2025"
"/blog/best-cleaning-products","200","07.08.2025"
"/blog/cleaning-company-moscow","200","07.08.2025"
"/blog/cleaning-company-moscow/","308","07.08.2025"
"/blog/cleaning-tools-guide","200","07.08.2025"
"/blog/dry-cleaning-guide","200","07.08.2025"
"/blog/eco-friendly-cleaning","200","07.08.2025"
"/blog/eco-friendly-cleaning/","308","07.08.2025"
"/blog/general-apartment-cleaning-checklist-prices","200","07.08.2025"
"/blog/how-to-choose-reliable-cleaning-company-moscow","200","07.08.2025"
"/blog/how-to-clean-after-renovation","200","07.08.2025"
"/blog/kitchen-cleaning-secrets","200","07.08.2025"
"/blog/kitchen-cleaning-secrets/","308","07.08.2025"
"/blog/office-cleaning-moscow-24-7","200","07.08.2025"
"/blog/office-cleaning-moscow-24-7/","308","07.08.2025"
"/blog/office-cleaning-schedule","200","07.08.2025"
"/blog/office-cleaning-schedule/","308","07.08.2025"
"/blog/window-cleaning-tips","200","07.08.2025"
"/blog/window-cleaning-tips/","308","07.08.2025"
"/calculator","200","07.08.2025"
"/calculator/","308","07.08.2025"
"/careers","200","07.08.2025"
"/contacts","200","07.08.2025"
"/contacts/","308","07.08.2025"
"/corporate","200","07.08.2025"
"/corporate/","308","07.08.2025"
"/districts","200","07.08.2025"
"/districts/","308","07.08.2025"
"/districts/basmannyy","200","07.08.2025"
"/districts/basmannyy/","308","07.08.2025"
"/faq","200","07.08.2025"
"/prices","200","07.08.2025"
"/prices/","308","07.08.2025"
"/privacy","200","07.08.2025"
"/services","200","07.08.2025"
"/services/","308","07.08.2025"
"/services/additional-services","200","07.08.2025"
"/services/apartment-cleaning","200","07.08.2025"
"/services/apartment-cleaning/","308","07.08.2025"
"/services/disinfection","200","07.08.2025"
"/services/dry-cleaning","200","07.08.2025"
"/services/dry-cleaning/","308","07.08.2025"
"/services/furniture-dry-cleaning","200","07.08.2025"
"/services/house-cleaning","200","07.08.2025"
"/services/house-cleaning/","308","07.08.2025"
"/services/office-cleaning","200","07.08.2025"
"/services/office-cleaning/","308","07.08.2025"
"/services/post-renovation-cleaning","200","07.08.2025"
"/services/post-renovation-cleaning/","308","07.08.2025"
"/services/window-cleaning","200","07.08.2025"
"/services/window-cleaning/","308","07.08.2025"
"/terms","200","07.08.2025"
"/","200","06.08.2025"
"/","200","06.08.2025"
