Кластер,Тип страницы,Основной запрос,Доп. запросы (2-4),URL (slug),Title (≤60-65),H1,Meta Description (≤160),Внутренние ссылки,Минус-слова,Приоритет
Главная/Общее: клининг Москва,Лендинг (главная услуга),клининг москва,"клининговая компания москва, клининговые услуги москва, послестроительный клининг москва, высотный клининг москва",/klining-moskva,Клининг москва — цены и заказ | Ваша Компания,Клининг москва,"Клининг москва с гарантией качества в Москве. Профессионально, быстро, с материалами. Онлайн-расчёт и выезд в день обращения. Звоните!","/klining-moskva, /czena-uborki, /posle-remonta, /myte-okon, /uborka-kvartiry, /kontakt","работа, вакансии, своими руками, самостоятельно, бесплатно, обучение, курсы, оборудование, средства, отзывы, форум, youtube, видео, робот пылесос, как сделать",Высокий
Главная/Общее: клининг Москва,Лендинг (главная услуга),клининговая компания москва,"клининг москва, клининговые услуги москва, послестроительный клининг москва, высотный клининг москва",/kliningovaya-kompaniya-moskva,Клининговая компания москва — цены и заказ | Ваша Компания,Клининговая компания москва,"Клининговая компания москва с гарантией качества в Москве. Профессионально, быстро, с материалами. Онлайн-расчёт и выезд в день обращения. Звоните!","/klining-moskva, /czena-uborki, /posle-remonta, /myte-okon, /uborka-kvartiry, /kontakt","работа, вакансии, своими руками, самостоятельно, бесплатно, обучение, курсы, оборудование, средства, отзывы, форум, youtube, видео, робот пылесос, как сделать",Высокий
Главная/Общее: клининг Москва,Лендинг (главная услуга),клининговые услуги москва,"клининг москва, клининговая компания москва, послестроительный клининг москва, высотный клининг москва",/kliningovye-uslugi-moskva,Клининговые услуги москва — цены и заказ | Ваша Компания,Клининговые услуги москва,"Клининговые услуги москва с гарантией качества в Москве. Профессионально, быстро, с материалами. Онлайн-расчёт и выезд в день обращения. Звоните!","/klining-moskva, /czena-uborki, /posle-remonta, /myte-okon, /uborka-kvartiry, /kontakt","работа, вакансии, своими руками, самостоятельно, бесплатно, обучение, курсы, оборудование, средства, отзывы, форум, youtube, видео, робот пылесос, как сделать",Высокий
Главная/Общее: клининг Москва,Лендинг (главная услуга),послестроительный клининг москва,"клининг москва, клининговая компания москва, клининговые услуги москва, высотный клининг москва",/poslestroitelnyy-klining-moskva,Послестроительный клининг москва — цены и заказ | Ваша Компания,Послестроительный клининг москва,"Послестроительный клининг москва с гарантией качества в Москве. Профессионально, быстро, с материалами. Онлайн-расчёт и выезд в день обращения. Звоните!","/klining-moskva, /czena-uborki, /posle-remonta, /myte-okon, /uborka-kvartiry, /kontakt","работа, вакансии, своими руками, самостоятельно, бесплатно, обучение, курсы, оборудование, средства, отзывы, форум, youtube, видео, робот пылесос, как сделать",Высокий
Главная/Общее: клининг Москва,Лендинг (главная услуга),высотный клининг москва,"клининг москва, клининговая компания москва, клининговые услуги москва, послестроительный клининг москва",/vysotnyy-klining-moskva,Высотный клининг москва — цены и заказ | Ваша Компания,Высотный клининг москва,"Высотный клининг москва с гарантией качества в Москве. Профессионально, быстро, с материалами. Онлайн-расчёт и выезд в день обращения. Звоните!","/klining-moskva, /czena-uborki, /posle-remonta, /myte-okon, /uborka-kvartiry, /kontakt","работа, вакансии, своими руками, самостоятельно, бесплатно, обучение, курсы, оборудование, средства, отзывы, форум, youtube, видео, робот пылесос, как сделать",Высокий
Главная/Общее: клининг Москва,Лендинг (главная услуга),клининг прайс москва,"клининг москва, клининговая компания москва, клининговые услуги москва, послестроительный клининг москва",/klining-prays-moskva,Клининг прайс москва — цены и заказ | Ваша Компания,Клининг прайс москва,"Клининг прайс москва с гарантией качества в Москве. Профессионально, быстро, с материалами. Онлайн-расчёт и выезд в день обращения. Звоните!","/klining-moskva, /czena-uborki, /posle-remonta, /myte-okon, /uborka-kvartiry, /kontakt","работа, вакансии, своими руками, самостоятельно, бесплатно, обучение, курсы, оборудование, средства, отзывы, форум, youtube, видео, робот пылесос, как сделать",Высокий
Главная/Общее: клининг Москва,Лендинг (главная услуга),клининговая компания москва центр,"клининг москва, клининговая компания москва, клининговые услуги москва, послестроительный клининг москва",/kliningovaya-kompaniya-moskva-centr,Клининговая компания москва центр — цены и заказ | Ваша Компания,Клининговая компания москва центр,"Клининговая компания москва центр с гарантией качества в Москве. Профессионально, быстро, с материалами. Онлайн-расчёт и выезд в день обращения. Звоните!","/klining-moskva, /czena-uborki, /posle-remonta, /myte-okon, /uborka-kvartiry, /kontakt","работа, вакансии, своими руками, самостоятельно, бесплатно, обучение, курсы, оборудование, средства, отзывы, форум, youtube, видео, робот пылесос, как сделать",Высокий
Главная/Общее: клининг Москва,Лендинг (главная услуга),клининг москва ЦАО,"клининг москва, клининговая компания москва, клининговые услуги москва, послестроительный клининг москва",/klining-moskva-cao,Клининг москва цао — цены и заказ | Ваша Компания,Клининг москва цао,"Клининг москва цао с гарантией качества в Москве. Профессионально, быстро, с материалами. Онлайн-расчёт и выезд в день обращения. Звоните!","/klining-moskva, /czena-uborki, /posle-remonta, /myte-okon, /uborka-kvartiry, /kontakt","работа, вакансии, своими руками, самостоятельно, бесплатно, обучение, курсы, оборудование, средства, отзывы, форум, youtube, видео, робот пылесос, как сделать",Высокий
Главная/Общее: клининг Москва,Лендинг (главная услуга),клининг москва САО,"клининг москва, клининговая компания москва, клининговые услуги москва, послестроительный клининг москва",/klining-moskva-sao,Клининг москва сао — цены и заказ | Ваша Компания,Клининг москва сао,"Клининг москва сао с гарантией качества в Москве. Профессионально, быстро, с материалами. Онлайн-расчёт и выезд в день обращения. Звоните!","/klining-moskva, /czena-uborki, /posle-remonta, /myte-okon, /uborka-kvartiry, /kontakt","работа, вакансии, своими руками, самостоятельно, бесплатно, обучение, курсы, оборудование, средства, отзывы, форум, youtube, видео, робот пылесос, как сделать",Высокий
Главная/Общее: клининг Москва,Лендинг (главная услуга),клининг москва СВАО,"клининг москва, клининговая компания москва, клининговые услуги москва, послестроительный клининг москва",/klining-moskva-svao,Клининг москва свао — цены и заказ | Ваша Компания,Клининг москва свао,"Клининг москва свао с гарантией качества в Москве. Профессионально, быстро, с материалами. Онлайн-расчёт и выезд в день обращения. Звоните!","/klining-moskva, /czena-uborki, /posle-remonta, /myte-okon, /uborka-kvartiry, /kontakt","работа, вакансии, своими руками, самостоятельно, бесплатно, обучение, курсы, оборудование, средства, отзывы, форум, youtube, видео, робот пылесос, как сделать",Высокий
Главная/Общее: клининг Москва,Лендинг (главная услуга),клининг москва ВАО,"клининг москва, клининговая компания москва, клининговые услуги москва, послестроительный клининг москва",/klining-moskva-vao,Клининг москва вао — цены и заказ | Ваша Компания,Клининг москва вао,"Клининг москва вао с гарантией качества в Москве. Профессионально, быстро, с материалами. Онлайн-расчёт и выезд в день обращения. Звоните!","/klining-moskva, /czena-uborki, /posle-remonta, /myte-okon, /uborka-kvartiry, /kontakt","работа, вакансии, своими руками, самостоятельно, бесплатно, обучение, курсы, оборудование, средства, отзывы, форум, youtube, видео, робот пылесос, как сделать",Высокий
Главная/Общее: клининг Москва,Лендинг (главная услуга),клининг москва ЮВАО,"клининг москва, клининговая компания москва, клининговые услуги москва, послестроительный клининг москва",/klining-moskva-yuvao,Клининг москва ювао — цены и заказ | Ваша Компания,Клининг москва ювао,"Клининг москва ювао с гарантией качества в Москве. Профессионально, быстро, с материалами. Онлайн-расчёт и выезд в день обращения. Звоните!","/klining-moskva, /czena-uborki, /posle-remonta, /myte-okon, /uborka-kvartiry, /kontakt","работа, вакансии, своими руками, самостоятельно, бесплатно, обучение, курсы, оборудование, средства, отзывы, форум, youtube, видео, робот пылесос, как сделать",Высокий
Главная/Общее: клининг Москва,Лендинг (главная услуга),клининг москва ЮАО,"клининг москва, клининговая компания москва, клининговые услуги москва, послестроительный клининг москва",/klining-moskva-yuao,Клининг москва юао — цены и заказ | Ваша Компания,Клининг москва юао,"Клининг москва юао с гарантией качества в Москве. Профессионально, быстро, с материалами. Онлайн-расчёт и выезд в день обращения. Звоните!","/klining-moskva, /czena-uborki, /posle-remonta, /myte-okon, /uborka-kvartiry, /kontakt","работа, вакансии, своими руками, самостоятельно, бесплатно, обучение, курсы, оборудование, средства, отзывы, форум, youtube, видео, робот пылесос, как сделать",Высокий
Главная/Общее: клининг Москва,Лендинг (главная услуга),клининг москва ЮЗАО,"клининг москва, клининговая компания москва, клининговые услуги москва, послестроительный клининг москва",/klining-moskva-yuzao,Клининг москва юзао — цены и заказ | Ваша Компания,Клининг москва юзао,"Клининг москва юзао с гарантией качества в Москве. Профессионально, быстро, с материалами. Онлайн-расчёт и выезд в день обращения. Звоните!","/klining-moskva, /czena-uborki, /posle-remonta, /myte-okon, /uborka-kvartiry, /kontakt","работа, вакансии, своими руками, самостоятельно, бесплатно, обучение, курсы, оборудование, средства, отзывы, форум, youtube, видео, робот пылесос, как сделать",Высокий
Главная/Общее: клининг Москва,Лендинг (главная услуга),клининг москва ЗАО,"клининг москва, клининговая компания москва, клининговые услуги москва, послестроительный клининг москва",/klining-moskva-zao,Клининг москва зао — цены и заказ | Ваша Компания,Клининг москва зао,"Клининг москва зао с гарантией качества в Москве. Профессионально, быстро, с материалами. Онлайн-расчёт и выезд в день обращения. Звоните!","/klining-moskva, /czena-uborki, /posle-remonta, /myte-okon, /uborka-kvartiry, /kontakt","работа, вакансии, своими руками, самостоятельно, бесплатно, обучение, курсы, оборудование, средства, отзывы, форум, youtube, видео, робот пылесос, как сделать",Высокий
Главная/Общее: клининг Москва,Лендинг (главная услуга),клининг москва СЗАО,"клининг москва, клининговая компания москва, клининговые услуги москва, послестроительный клининг москва",/klining-moskva-szao,Клининг москва сзао — цены и заказ | Ваша Компания,Клининг москва сзао,"Клининг москва сзао с гарантией качества в Москве. Профессионально, быстро, с материалами. Онлайн-расчёт и выезд в день обращения. Звоните!","/klining-moskva, /czena-uborki, /posle-remonta, /myte-okon, /uborka-kvartiry, /kontakt","работа, вакансии, своими руками, самостоятельно, бесплатно, обучение, курсы, оборудование, средства, отзывы, форум, youtube, видео, робот пылесос, как сделать",Высокий
Прочее,Лендинг услуги,клининг заказать москва,"клининг недорого москва, клининг срочно москва, клининг 24/7 москва",/klining-zakazat-moskva,Клининг заказать москва — цены и заказ | Ваша Компания,Клининг заказать москва,"Клининг заказать москва с гарантией качества в Москве. Профессионально, быстро, с материалами. Онлайн-расчёт и выезд в день обращения. Звоните!","/klining-moskva, /czena-uborki, /posle-remonta, /myte-okon, /uborka-kvartiry, /kontakt","работа, вакансии, своими руками, самостоятельно, бесплатно, обучение, курсы, оборудование, средства, отзывы, форум, youtube, видео, робот пылесос, как сделать",Средний
Прочее,Лендинг услуги,клининг недорого москва,"клининг заказать москва, клининг срочно москва, клининг 24/7 москва",/klining-nedorogo-moskva,Клининг недорого москва — цены и заказ | Ваша Компания,Клининг недорого москва,"Клининг недорого москва с гарантией качества в Москве. Профессионально, быстро, с материалами. Онлайн-расчёт и выезд в день обращения. Звоните!","/klining-moskva, /czena-uborki, /posle-remonta, /myte-okon, /uborka-kvartiry, /kontakt","работа, вакансии, своими руками, самостоятельно, бесплатно, обучение, курсы, оборудование, средства, отзывы, форум, youtube, видео, робот пылесос, как сделать",Средний
Прочее,Лендинг услуги,клининг срочно москва,"клининг заказать москва, клининг недорого москва, клининг 24/7 москва",/klining-srochno-moskva,Клининг срочно москва — цены и заказ | Ваша Компания,Клининг срочно москва,"Клининг срочно москва с гарантией качества в Москве. Профессионально, быстро, с материалами. Онлайн-расчёт и выезд в день обращения. Звоните!","/klining-moskva, /czena-uborki, /posle-remonta, /myte-okon, /uborka-kvartiry, /kontakt","работа, вакансии, своими руками, самостоятельно, бесплатно, обучение, курсы, оборудование, средства, отзывы, форум, youtube, видео, робот пылесос, как сделать",Средний
Прочее,Лендинг услуги,клининг 24/7 москва,"клининг заказать москва, клининг недорого москва, клининг срочно москва",/klining-24-7-moskva,Клининг 24/7 москва — цены и заказ | Ваша Компания,Клининг 24/7 москва,"Клининг 24/7 москва с гарантией качества в Москве. Профессионально, быстро, с материалами. Онлайн-расчёт и выезд в день обращения. Звоните!","/klining-moskva, /czena-uborki, /posle-remonta, /myte-okon, /uborka-kvartiry, /kontakt","работа, вакансии, своими руками, самостоятельно, бесплатно, обучение, курсы, оборудование, средства, отзывы, форум, youtube, видео, робот пылесос, как сделать",Средний
Цены и калькулятор,Цены и калькулятор,клининг цена москва,"клининг стоимость москва, уборка квартиры цена москва, уборка офисов цена москва, мойка окон цена москва",/klining-cena-moskva,Клининг цена москва — цены и заказ | Ваша Компания,Клининг цена москва,"Клининг цена москва с гарантией качества в Москве. Профессионально, быстро, с материалами. Онлайн-расчёт и выезд в день обращения. Звоните!","/klining-moskva, /czena-uborki, /posle-remonta, /myte-okon, /uborka-kvartiry, /kontakt","работа, вакансии, своими руками, самостоятельно, бесплатно, обучение, курсы, оборудование, средства, отзывы, форум, youtube, видео, робот пылесос, как сделать, калькулятор онлайн бесплатно без заказа",Высокий
Цены и калькулятор,Цены и калькулятор,клининг стоимость москва,"клининг цена москва, уборка квартиры цена москва, уборка офисов цена москва, мойка окон цена москва",/klining-stoimost-moskva,Клининг стоимость москва — цены и заказ | Ваша Компания,Клининг стоимость москва,"Клининг стоимость москва с гарантией качества в Москве. Профессионально, быстро, с материалами. Онлайн-расчёт и выезд в день обращения. Звоните!","/klining-moskva, /czena-uborki, /posle-remonta, /myte-okon, /uborka-kvartiry, /kontakt","работа, вакансии, своими руками, самостоятельно, бесплатно, обучение, курсы, оборудование, средства, отзывы, форум, youtube, видео, робот пылесос, как сделать, калькулятор онлайн бесплатно без заказа",Высокий
Цены и калькулятор,Цены и калькулятор,уборка квартиры цена москва,"клининг цена москва, клининг стоимость москва, уборка офисов цена москва, мойка окон цена москва",/uborka-kvartiry-cena-moskva,Уборка квартиры цена москва — цены и заказ | Ваша Компания,Уборка квартиры цена москва,"Уборка квартиры цена москва с гарантией качества в Москве. Профессионально, быстро, с материалами. Онлайн-расчёт и выезд в день обращения. Звоните!","/klining-moskva, /czena-uborki, /posle-remonta, /myte-okon, /uborka-kvartiry, /kontakt","работа, вакансии, своими руками, самостоятельно, бесплатно, обучение, курсы, оборудование, средства, отзывы, форум, youtube, видео, робот пылесос, как сделать, калькулятор онлайн бесплатно без заказа",Высокий
Цены и калькулятор,Цены и калькулятор,уборка офисов цена москва,"клининг цена москва, клининг стоимость москва, уборка квартиры цена москва, мойка окон цена москва",/uborka-ofisov-cena-moskva,Уборка офисов цена москва — цены и заказ | Ваша Компания,Уборка офисов цена москва,"Уборка офисов цена москва с гарантией качества в Москве. Профессионально, быстро, с материалами. Онлайн-расчёт и выезд в день обращения. Звоните!","/klining-moskva, /czena-uborki, /posle-remonta, /myte-okon, /uborka-kvartiry, /kontakt","работа, вакансии, своими руками, самостоятельно, бесплатно, обучение, курсы, оборудование, средства, отзывы, форум, youtube, видео, робот пылесос, как сделать, калькулятор онлайн бесплатно без заказа",Высокий
Цены и калькулятор,Цены и калькулятор,мойка окон цена москва,"клининг цена москва, клининг стоимость москва, уборка квартиры цена москва, уборка офисов цена москва",/moyka-okon-cena-moskva,Мойка окон цена москва — цены и заказ | Ваша Компания,Мойка окон цена москва,"Мойка окон цена москва с гарантией качества в Москве. Профессионально, быстро, с материалами. Онлайн-расчёт и выезд в день обращения. Звоните!","/klining-moskva, /czena-uborki, /posle-remonta, /myte-okon, /uborka-kvartiry, /kontakt","работа, вакансии, своими руками, самостоятельно, бесплатно, обучение, курсы, оборудование, средства, отзывы, форум, youtube, видео, робот пылесос, как сделать, калькулятор онлайн бесплатно без заказа",Высокий
Цены и калькулятор,Цены и калькулятор,уборка цена за час москва,"клининг цена москва, клининг стоимость москва, уборка квартиры цена москва, уборка офисов цена москва",/uborka-cena-za-chas-moskva,Уборка цена за час москва — цены и заказ | Ваша Компания,Уборка цена за час москва,"Уборка цена за час москва с гарантией качества в Москве. Профессионально, быстро, с материалами. Онлайн-расчёт и выезд в день обращения. Звоните!","/klining-moskva, /czena-uborki, /posle-remonta, /myte-okon, /uborka-kvartiry, /kontakt","работа, вакансии, своими руками, самостоятельно, бесплатно, обучение, курсы, оборудование, средства, отзывы, форум, youtube, видео, робот пылесос, как сделать, калькулятор онлайн бесплатно без заказа",Высокий
Цены и калькулятор,Цены и калькулятор,уборка стоимость за м2 москва,"клининг цена москва, клининг стоимость москва, уборка квартиры цена москва, уборка офисов цена москва",/uborka-stoimost-za-m2-moskva,Уборка стоимость за м2 москва — цены и заказ | Ваша Компания,Уборка стоимость за м2 москва,"Уборка стоимость за м2 москва с гарантией качества в Москве. Профессионально, быстро, с материалами. Онлайн-расчёт и выезд в день обращения. Звоните!","/klining-moskva, /czena-uborki, /posle-remonta, /myte-okon, /uborka-kvartiry, /kontakt","работа, вакансии, своими руками, самостоятельно, бесплатно, обучение, курсы, оборудование, средства, отзывы, форум, youtube, видео, робот пылесос, как сделать, калькулятор онлайн бесплатно без заказа",Высокий
Цены и калькулятор,Цены и калькулятор,бесплатный выезд оценщика москва,"клининг цена москва, клининг стоимость москва, уборка квартиры цена москва, уборка офисов цена москва",/besplatnyy-vyezd-ocenschika-moskva,Бесплатный выезд оценщика москва — цены и заказ | Ваша Компания,Бесплатный выезд оценщика москва,"Бесплатный выезд оценщика москва с гарантией качества в Москве. Профессионально, быстро, с материалами. Онлайн-расчёт и выезд в день обращения. Звоните!","/klining-moskva, /czena-uborki, /posle-remonta, /myte-okon, /uborka-kvartiry, /kontakt","работа, вакансии, своими руками, самостоятельно, бесплатно, обучение, курсы, оборудование, средства, отзывы, форум, youtube, видео, робот пылесос, как сделать, калькулятор онлайн бесплатно без заказа",Высокий
Цены и калькулятор,Цены и калькулятор,расчет стоимости уборки москва,"клининг цена москва, клининг стоимость москва, уборка квартиры цена москва, уборка офисов цена москва",/raschet-stoimosti-uborki-moskva,Расчет стоимости уборки москва — цены и заказ | Ваша Компания,Расчет стоимости уборки москва,"Расчет стоимости уборки москва с гарантией качества в Москве. Профессионально, быстро, с материалами. Онлайн-расчёт и выезд в день обращения. Звоните!","/klining-moskva, /czena-uborki, /posle-remonta, /myte-okon, /uborka-kvartiry, /kontakt","работа, вакансии, своими руками, самостоятельно, бесплатно, обучение, курсы, оборудование, средства, отзывы, форум, youtube, видео, робот пылесос, как сделать, калькулятор онлайн бесплатно без заказа",Высокий
Дома/Коттеджи: общая,Лендинг услуги,клининг с выездом москва,"уборка дома москва, уборка коттеджа москва, уборка таунхауса москва, уборка дачи москва",/klining-s-vyezdom-moskva,Клининг с выездом москва — цены и заказ | Ваша Компания,Клининг с выездом москва,"Клининг с выездом москва с гарантией качества в Москве. Профессионально, быстро, с материалами. Онлайн-расчёт и выезд в день обращения. Звоните!","/klining-moskva, /czena-uborki, /posle-remonta, /myte-okon, /uborka-kvartiry, /kontakt","работа, вакансии, своими руками, самостоятельно, бесплатно, обучение, курсы, оборудование, средства, отзывы, форум, youtube, видео, робот пылесос, как сделать",Средний
Дома/Коттеджи: общая,Лендинг услуги,уборка дома москва,"клининг с выездом москва, уборка коттеджа москва, уборка таунхауса москва, уборка дачи москва",/uborka-doma-moskva,Уборка дома москва — цены и заказ | Ваша Компания,Уборка дома москва,"Уборка дома москва с гарантией качества в Москве. Профессионально, быстро, с материалами. Онлайн-расчёт и выезд в день обращения. Звоните!","/klining-moskva, /czena-uborki, /posle-remonta, /myte-okon, /uborka-kvartiry, /kontakt","работа, вакансии, своими руками, самостоятельно, бесплатно, обучение, курсы, оборудование, средства, отзывы, форум, youtube, видео, робот пылесос, как сделать",Средний
Дома/Коттеджи: общая,Лендинг услуги,уборка коттеджа москва,"клининг с выездом москва, уборка дома москва, уборка таунхауса москва, уборка дачи москва",/uborka-kottedzha-moskva,Уборка коттеджа москва — цены и заказ | Ваша Компания,Уборка коттеджа москва,"Уборка коттеджа москва с гарантией качества в Москве. Профессионально, быстро, с материалами. Онлайн-расчёт и выезд в день обращения. Звоните!","/klining-moskva, /czena-uborki, /posle-remonta, /myte-okon, /uborka-kvartiry, /kontakt","работа, вакансии, своими руками, самостоятельно, бесплатно, обучение, курсы, оборудование, средства, отзывы, форум, youtube, видео, робот пылесос, как сделать",Средний
Дома/Коттеджи: общая,Лендинг услуги,уборка таунхауса москва,"клининг с выездом москва, уборка дома москва, уборка коттеджа москва, уборка дачи москва",/uborka-taunhausa-moskva,Уборка таунхауса москва — цены и заказ | Ваша Компания,Уборка таунхауса москва,"Уборка таунхауса москва с гарантией качества в Москве. Профессионально, быстро, с материалами. Онлайн-расчёт и выезд в день обращения. Звоните!","/klining-moskva, /czena-uborki, /posle-remonta, /myte-okon, /uborka-kvartiry, /kontakt","работа, вакансии, своими руками, самостоятельно, бесплатно, обучение, курсы, оборудование, средства, отзывы, форум, youtube, видео, робот пылесос, как сделать",Средний
Дома/Коттеджи: общая,Лендинг услуги,уборка дачи москва,"клининг с выездом москва, уборка дома москва, уборка коттеджа москва, уборка таунхауса москва",/uborka-dachi-moskva,Уборка дачи москва — цены и заказ | Ваша Компания,Уборка дачи москва,"Уборка дачи москва с гарантией качества в Москве. Профессионально, быстро, с материалами. Онлайн-расчёт и выезд в день обращения. Звоните!","/klining-moskva, /czena-uborki, /posle-remonta, /myte-okon, /uborka-kvartiry, /kontakt","работа, вакансии, своими руками, самостоятельно, бесплатно, обучение, курсы, оборудование, средства, отзывы, форум, youtube, видео, робот пылесос, как сделать",Средний
Дома/Коттеджи: общая,Лендинг услуги,послесдачная уборка москва,"клининг с выездом москва, уборка дома москва, уборка коттеджа москва, уборка таунхауса москва",/poslesdachnaya-uborka-moskva,Послесдачная уборка москва — цены и заказ | Ваша Компания,Послесдачная уборка москва,"Послесдачная уборка москва с гарантией качества в Москве. Профессионально, быстро, с материалами. Онлайн-расчёт и выезд в день обращения. Звоните!","/klining-moskva, /czena-uborki, /posle-remonta, /myte-okon, /uborka-kvartiry, /kontakt","работа, вакансии, своими руками, самостоятельно, бесплатно, обучение, курсы, оборудование, средства, отзывы, форум, youtube, видео, робот пылесос, как сделать",Средний
Дома/Коттеджи: общая,Лендинг услуги,уборка после домашних животных москва,"клининг с выездом москва, уборка дома москва, уборка коттеджа москва, уборка таунхауса москва",/uborka-posle-domashnih-zhivotnyh-moskva,Уборка после домашних животных москва — цены и заказ | Ваша Компания,Уборка после домашних животных москва,"Уборка после домашних животных москва с гарантией качества в Москве. Профессионально, быстро, с материалами. Онлайн-расчёт и выезд в день обращения. Звоните!","/klining-moskva, /czena-uborki, /posle-remonta, /myte-okon, /uborka-kvartiry, /kontakt","работа, вакансии, своими руками, самостоятельно, бесплатно, обучение, курсы, оборудование, средства, отзывы, форум, youtube, видео, робот пылесос, как сделать",Средний
Квартиры: общая,Лендинг услуги,уборка квартиры москва,"уборка однушки москва, уборка двушки москва, уборка трехкомнатной квартиры москва, дезинфекция квартиры москва",/uborka-kvartiry-moskva,Уборка квартиры москва — цены и заказ | Ваша Компания,Уборка квартиры москва,"Уборка квартиры москва с гарантией качества в Москве. Профессионально, быстро, с материалами. Онлайн-расчёт и выезд в день обращения. Звоните!","/klining-moskva, /czena-uborki, /posle-remonta, /myte-okon, /uborka-kvartiry, /kontakt","работа, вакансии, своими руками, самостоятельно, бесплатно, обучение, курсы, оборудование, средства, отзывы, форум, youtube, видео, робот пылесос, как сделать",Высокий
Квартиры: общая,Лендинг услуги,уборка однушки москва,"уборка квартиры москва, уборка двушки москва, уборка трехкомнатной квартиры москва, дезинфекция квартиры москва",/uborka-odnushki-moskva,Уборка однушки москва — цены и заказ | Ваша Компания,Уборка однушки москва,"Уборка однушки москва с гарантией качества в Москве. Профессионально, быстро, с материалами. Онлайн-расчёт и выезд в день обращения. Звоните!","/klining-moskva, /czena-uborki, /posle-remonta, /myte-okon, /uborka-kvartiry, /kontakt","работа, вакансии, своими руками, самостоятельно, бесплатно, обучение, курсы, оборудование, средства, отзывы, форум, youtube, видео, робот пылесос, как сделать",Высокий
Квартиры: общая,Лендинг услуги,уборка двушки москва,"уборка квартиры москва, уборка однушки москва, уборка трехкомнатной квартиры москва, дезинфекция квартиры москва",/uborka-dvushki-moskva,Уборка двушки москва — цены и заказ | Ваша Компания,Уборка двушки москва,"Уборка двушки москва с гарантией качества в Москве. Профессионально, быстро, с материалами. Онлайн-расчёт и выезд в день обращения. Звоните!","/klining-moskva, /czena-uborki, /posle-remonta, /myte-okon, /uborka-kvartiry, /kontakt","работа, вакансии, своими руками, самостоятельно, бесплатно, обучение, курсы, оборудование, средства, отзывы, форум, youtube, видео, робот пылесос, как сделать",Высокий
Квартиры: общая,Лендинг услуги,уборка трехкомнатной квартиры москва,"уборка квартиры москва, уборка однушки москва, уборка двушки москва, дезинфекция квартиры москва",/uborka-trehkomnatnoy-kvartiry-moskva,Уборка трехкомнатной квартиры москва — цены и заказ | Ваша Компания,Уборка трехкомнатной квартиры москва,"Уборка трехкомнатной квартиры москва с гарантией качества в Москве. Профессионально, быстро, с материалами. Онлайн-расчёт и выезд в день обращения. Звоните!","/klining-moskva, /czena-uborki, /posle-remonta, /myte-okon, /uborka-kvartiry, /kontakt","работа, вакансии, своими руками, самостоятельно, бесплатно, обучение, курсы, оборудование, средства, отзывы, форум, youtube, видео, робот пылесос, как сделать",Высокий
Квартиры: общая,Лендинг услуги,дезинфекция квартиры москва,"уборка квартиры москва, уборка однушки москва, уборка двушки москва, уборка трехкомнатной квартиры москва",/dezinfekciya-kvartiry-moskva,Дезинфекция квартиры москва — цены и заказ | Ваша Компания,Дезинфекция квартиры москва,"Дезинфекция квартиры москва с гарантией качества в Москве. Профессионально, быстро, с материалами. Онлайн-расчёт и выезд в день обращения. Звоните!","/klining-moskva, /czena-uborki, /posle-remonta, /myte-okon, /uborka-kvartiry, /kontakt","работа, вакансии, своими руками, самостоятельно, бесплатно, обучение, курсы, оборудование, средства, отзывы, форум, youtube, видео, робот пылесос, как сделать",Высокий
Квартиры: общая,Лендинг услуги,уборка перед сдачей квартиры москва,"уборка квартиры москва, уборка однушки москва, уборка двушки москва, уборка трехкомнатной квартиры москва",/uborka-pered-sdachey-kvartiry-moskva,Уборка перед сдачей квартиры москва — цены и заказ | Ваша Компания,Уборка перед сдачей квартиры москва,"Уборка перед сдачей квартиры москва с гарантией качества в Москве. Профессионально, быстро, с материалами. Онлайн-расчёт и выезд в день обращения. Звоните!","/klining-moskva, /czena-uborki, /posle-remonta, /myte-okon, /uborka-kvartiry, /kontakt","работа, вакансии, своими руками, самостоятельно, бесплатно, обучение, курсы, оборудование, средства, отзывы, форум, youtube, видео, робот пылесос, как сделать",Высокий
Квартиры: после ремонта,Лендинг услуги,уборка квартиры после ремонта москва,,/uborka-kvartiry-posle-remonta-moskva,Уборка квартиры после ремонта москва — цены и заказ | Ваша Компания,Уборка квартиры после ремонта москва,"Уборка квартиры после ремонта москва с гарантией качества в Москве. Профессионально, быстро, с материалами. Онлайн-расчёт и выезд в день обращения. Звоните!","/klining-moskva, /czena-uborki, /posle-remonta, /myte-okon, /uborka-kvartiry, /kontakt","работа, вакансии, своими руками, самостоятельно, бесплатно, обучение, курсы, оборудование, средства, отзывы, форум, youtube, видео, робот пылесос, как сделать",Высокий
Квартиры: генеральная,Лендинг услуги,генеральная уборка квартиры москва,,/generalnaya-uborka-kvartiry-moskva,Генеральная уборка квартиры москва — цены и заказ | Ваша Компания,Генеральная уборка квартиры москва,"Генеральная уборка квартиры москва с гарантией качества в Москве. Профессионально, быстро, с материалами. Онлайн-расчёт и выезд в день обращения. Звоните!","/klining-moskva, /czena-uborki, /posle-remonta, /myte-okon, /uborka-kvartiry, /kontakt","работа, вакансии, своими руками, самостоятельно, бесплатно, обучение, курсы, оборудование, средства, отзывы, форум, youtube, видео, робот пылесос, как сделать",Средний
Квартиры: регулярная,Лендинг услуги,поддерживающая уборка квартиры москва,,/podderzhivayuschaya-uborka-kvartiry-moskva,Поддерживающая уборка квартиры москва — цены и заказ | Ваша Компания,Поддерживающая уборка квартиры москва,"Поддерживающая уборка квартиры москва с гарантией качества в Москве. Профессионально, быстро, с материалами. Онлайн-расчёт и выезд в день обращения. Звоните!","/klining-moskva, /czena-uborki, /posle-remonta, /myte-okon, /uborka-kvartiry, /kontakt","работа, вакансии, своими руками, самостоятельно, бесплатно, обучение, курсы, оборудование, средства, отзывы, форум, youtube, видео, робот пылесос, как сделать",Средний
Квартиры: разовая/почасовая,Лендинг услуги,разовая уборка квартиры москва,почасовая уборка квартиры москва,/razovaya-uborka-kvartiry-moskva,Разовая уборка квартиры москва — цены и заказ | Ваша Компания,Разовая уборка квартиры москва,"Разовая уборка квартиры москва с гарантией качества в Москве. Профессионально, быстро, с материалами. Онлайн-расчёт и выезд в день обращения. Звоните!","/klining-moskva, /czena-uborki, /posle-remonta, /myte-okon, /uborka-kvartiry, /kontakt","работа, вакансии, своими руками, самостоятельно, бесплатно, обучение, курсы, оборудование, средства, отзывы, форум, youtube, видео, робот пылесос, как сделать",Средний
Квартиры: разовая/почасовая,Лендинг услуги,почасовая уборка квартиры москва,разовая уборка квартиры москва,/pochasovaya-uborka-kvartiry-moskva,Почасовая уборка квартиры москва — цены и заказ | Ваша Компания,Почасовая уборка квартиры москва,"Почасовая уборка квартиры москва с гарантией качества в Москве. Профессионально, быстро, с материалами. Онлайн-расчёт и выезд в день обращения. Звоните!","/klining-moskva, /czena-uborki, /posle-remonta, /myte-okon, /uborka-kvartiry, /kontakt","работа, вакансии, своими руками, самостоятельно, бесплатно, обучение, курсы, оборудование, средства, отзывы, форум, youtube, видео, робот пылесос, как сделать",Средний
Дома/Коттеджи: генеральная,Лендинг услуги,генеральная уборка дома москва,,/generalnaya-uborka-doma-moskva,Генеральная уборка дома москва — цены и заказ | Ваша Компания,Генеральная уборка дома москва,"Генеральная уборка дома москва с гарантией качества в Москве. Профессионально, быстро, с материалами. Онлайн-расчёт и выезд в день обращения. Звоните!","/klining-moskva, /czena-uborki, /posle-remonta, /myte-okon, /uborka-kvartiry, /kontakt","работа, вакансии, своими руками, самостоятельно, бесплатно, обучение, курсы, оборудование, средства, отзывы, форум, youtube, видео, робот пылесос, как сделать",Средний
B2B: офисы и бизнес-центры,Лендинг B2B,уборка офиса москва,"ежедневная уборка офиса москва, клининг бизнес центров москва, уборка после переезда офис москва",/uborka-ofisa-moskva,Уборка офиса москва — цены и заказ | Ваша Компания,Уборка офиса москва,"Уборка офиса москва с гарантией качества в Москве. Профессионально, быстро, с материалами. Онлайн-расчёт и выезд в день обращения. Звоните!","/klining-moskva, /czena-uborki, /posle-remonta, /myte-okon, /uborka-kvartiry, /kontakt","работа, вакансии, своими руками, самостоятельно, бесплатно, обучение, курсы, оборудование, средства, отзывы, форум, youtube, видео, робот пылесос, как сделать, аренда офиса, ремонт офиса",Высокий
B2B: офисы и бизнес-центры,Лендинг B2B,ежедневная уборка офиса москва,"уборка офиса москва, клининг бизнес центров москва, уборка после переезда офис москва",/ezhednevnaya-uborka-ofisa-moskva,Ежедневная уборка офиса москва — цены и заказ | Ваша Компания,Ежедневная уборка офиса москва,"Ежедневная уборка офиса москва с гарантией качества в Москве. Профессионально, быстро, с материалами. Онлайн-расчёт и выезд в день обращения. Звоните!","/klining-moskva, /czena-uborki, /posle-remonta, /myte-okon, /uborka-kvartiry, /kontakt","работа, вакансии, своими руками, самостоятельно, бесплатно, обучение, курсы, оборудование, средства, отзывы, форум, youtube, видео, робот пылесос, как сделать, аренда офиса, ремонт офиса",Высокий
B2B: офисы и бизнес-центры,Лендинг B2B,клининг бизнес центров москва,"уборка офиса москва, ежедневная уборка офиса москва, уборка после переезда офис москва",/klining-biznes-centrov-moskva,Клининг бизнес центров москва — цены и заказ | Ваша Компания,Клининг бизнес центров москва,"Клининг бизнес центров москва с гарантией качества в Москве. Профессионально, быстро, с материалами. Онлайн-расчёт и выезд в день обращения. Звоните!","/klining-moskva, /czena-uborki, /posle-remonta, /myte-okon, /uborka-kvartiry, /kontakt","работа, вакансии, своими руками, самостоятельно, бесплатно, обучение, курсы, оборудование, средства, отзывы, форум, youtube, видео, робот пылесос, как сделать, аренда офиса, ремонт офиса",Высокий
B2B: офисы и бизнес-центры,Лендинг B2B,уборка после переезда офис москва,"уборка офиса москва, ежедневная уборка офиса москва, клининг бизнес центров москва",/uborka-posle-pereezda-ofis-moskva,Уборка после переезда офис москва — цены и заказ | Ваша Компания,Уборка после переезда офис москва,"Уборка после переезда офис москва с гарантией качества в Москве. Профессионально, быстро, с материалами. Онлайн-расчёт и выезд в день обращения. Звоните!","/klining-moskva, /czena-uborki, /posle-remonta, /myte-okon, /uborka-kvartiry, /kontakt","работа, вакансии, своими руками, самостоятельно, бесплатно, обучение, курсы, оборудование, средства, отзывы, форум, youtube, видео, робот пылесос, как сделать, аренда офиса, ремонт офиса",Высокий
Спецуборка: события,Лендинг услуги,уборка после ремонта москва,"уборка после строительства москва, уборка после арендаторов москва, уборка после мероприятия москва, вывоз мусора после ремонта москва",/uborka-posle-remonta-moskva,Уборка после ремонта москва — цены и заказ | Ваша Компания,Уборка после ремонта москва,"Уборка после ремонта москва с гарантией качества в Москве. Профессионально, быстро, с материалами. Онлайн-расчёт и выезд в день обращения. Звоните!","/klining-moskva, /czena-uborki, /posle-remonta, /myte-okon, /uborka-kvartiry, /kontakt","работа, вакансии, своими руками, самостоятельно, бесплатно, обучение, курсы, оборудование, средства, отзывы, форум, youtube, видео, робот пылесос, как сделать",Средний
Спецуборка: события,Лендинг услуги,уборка после строительства москва,"уборка после ремонта москва, уборка после арендаторов москва, уборка после мероприятия москва, вывоз мусора после ремонта москва",/uborka-posle-stroitelstva-moskva,Уборка после строительства москва — цены и заказ | Ваша Компания,Уборка после строительства москва,"Уборка после строительства москва с гарантией качества в Москве. Профессионально, быстро, с материалами. Онлайн-расчёт и выезд в день обращения. Звоните!","/klining-moskva, /czena-uborki, /posle-remonta, /myte-okon, /uborka-kvartiry, /kontakt","работа, вакансии, своими руками, самостоятельно, бесплатно, обучение, курсы, оборудование, средства, отзывы, форум, youtube, видео, робот пылесос, как сделать",Средний
Спецуборка: события,Лендинг услуги,уборка после арендаторов москва,"уборка после ремонта москва, уборка после строительства москва, уборка после мероприятия москва, вывоз мусора после ремонта москва",/uborka-posle-arendatorov-moskva,Уборка после арендаторов москва — цены и заказ | Ваша Компания,Уборка после арендаторов москва,"Уборка после арендаторов москва с гарантией качества в Москве. Профессионально, быстро, с материалами. Онлайн-расчёт и выезд в день обращения. Звоните!","/klining-moskva, /czena-uborki, /posle-remonta, /myte-okon, /uborka-kvartiry, /kontakt","работа, вакансии, своими руками, самостоятельно, бесплатно, обучение, курсы, оборудование, средства, отзывы, форум, youtube, видео, робот пылесос, как сделать",Средний
Спецуборка: события,Лендинг услуги,уборка после мероприятия москва,"уборка после ремонта москва, уборка после строительства москва, уборка после арендаторов москва, вывоз мусора после ремонта москва",/uborka-posle-meropriyatiya-moskva,Уборка после мероприятия москва — цены и заказ | Ваша Компания,Уборка после мероприятия москва,"Уборка после мероприятия москва с гарантией качества в Москве. Профессионально, быстро, с материалами. Онлайн-расчёт и выезд в день обращения. Звоните!","/klining-moskva, /czena-uborki, /posle-remonta, /myte-okon, /uborka-kvartiry, /kontakt","работа, вакансии, своими руками, самостоятельно, бесплатно, обучение, курсы, оборудование, средства, отзывы, форум, youtube, видео, робот пылесос, как сделать",Средний
Спецуборка: события,Лендинг услуги,вывоз мусора после ремонта москва,"уборка после ремонта москва, уборка после строительства москва, уборка после арендаторов москва, уборка после мероприятия москва",/vyvoz-musora-posle-remonta-moskva,Вывоз мусора после ремонта москва — цены и заказ | Ваша Компания,Вывоз мусора после ремонта москва,"Вывоз мусора после ремонта москва с гарантией качества в Москве. Профессионально, быстро, с материалами. Онлайн-расчёт и выезд в день обращения. Звоните!","/klining-moskva, /czena-uborki, /posle-remonta, /myte-okon, /uborka-kvartiry, /kontakt","работа, вакансии, своими руками, самостоятельно, бесплатно, обучение, курсы, оборудование, средства, отзывы, форум, youtube, видео, робот пылесос, как сделать",Средний
Спецуборка: события,Лендинг услуги,предзаездная уборка москва,"уборка после ремонта москва, уборка после строительства москва, уборка после арендаторов москва, уборка после мероприятия москва",/predzaezdnaya-uborka-moskva,Предзаездная уборка москва — цены и заказ | Ваша Компания,Предзаездная уборка москва,"Предзаездная уборка москва с гарантией качества в Москве. Профессионально, быстро, с материалами. Онлайн-расчёт и выезд в день обращения. Звоните!","/klining-moskva, /czena-uborki, /posle-remonta, /myte-okon, /uborka-kvartiry, /kontakt","работа, вакансии, своими руками, самостоятельно, бесплатно, обучение, курсы, оборудование, средства, отзывы, форум, youtube, видео, робот пылесос, как сделать",Средний
Спецуборка: события,Лендинг услуги,послезаездная уборка москва,"уборка после ремонта москва, уборка после строительства москва, уборка после арендаторов москва, уборка после мероприятия москва",/poslezaezdnaya-uborka-moskva,Послезаездная уборка москва — цены и заказ | Ваша Компания,Послезаездная уборка москва,"Послезаездная уборка москва с гарантией качества в Москве. Профессионально, быстро, с материалами. Онлайн-расчёт и выезд в день обращения. Звоните!","/klining-moskva, /czena-uborki, /posle-remonta, /myte-okon, /uborka-kvartiry, /kontakt","работа, вакансии, своими руками, самостоятельно, бесплатно, обучение, курсы, оборудование, средства, отзывы, форум, youtube, видео, робот пылесос, как сделать",Средний
Мытьё окон и высотные работы,Лендинг услуги,мытье окон москва,"мойка витрин москва, промышленный альпинизм мытье окон москва",/myte-okon-moskva,Мытье окон москва — цены и заказ | Ваша Компания,Мытье окон москва,"Мытье окон москва с гарантией качества в Москве. Профессионально, быстро, с материалами. Онлайн-расчёт и выезд в день обращения. Звоните!","/klining-moskva, /czena-uborki, /posle-remonta, /myte-okon, /uborka-kvartiry, /kontakt","работа, вакансии, своими руками, самостоятельно, бесплатно, обучение, курсы, оборудование, средства, отзывы, форум, youtube, видео, робот пылесос, как сделать, купить окна, установка окон, регулировка окон, ремонт окон, жалюзи, рамы",Высокий
Мытьё окон и высотные работы,Лендинг услуги,мойка витрин москва,"мытье окон москва, промышленный альпинизм мытье окон москва",/moyka-vitrin-moskva,Мойка витрин москва — цены и заказ | Ваша Компания,Мойка витрин москва,"Мойка витрин москва с гарантией качества в Москве. Профессионально, быстро, с материалами. Онлайн-расчёт и выезд в день обращения. Звоните!","/klining-moskva, /czena-uborki, /posle-remonta, /myte-okon, /uborka-kvartiry, /kontakt","работа, вакансии, своими руками, самостоятельно, бесплатно, обучение, курсы, оборудование, средства, отзывы, форум, youtube, видео, робот пылесос, как сделать, купить окна, установка окон, регулировка окон, ремонт окон, жалюзи, рамы",Высокий
Мытьё окон и высотные работы,Лендинг услуги,промышленный альпинизм мытье окон москва,"мытье окон москва, мойка витрин москва",/promyshlennyy-alpinizm-myte-okon-moskva,Промышленный альпинизм мытье окон москва — цены и заказ | Ваша Компания,Промышленный альпинизм мытье окон москва,"Промышленный альпинизм мытье окон москва с гарантией качества в Москве. Профессионально, быстро, с материалами. Онлайн-расчёт и выезд в день обращения. Звоните!","/klining-moskva, /czena-uborki, /posle-remonta, /myte-okon, /uborka-kvartiry, /kontakt","работа, вакансии, своими руками, самостоятельно, бесплатно, обучение, курсы, оборудование, средства, отзывы, форум, youtube, видео, робот пылесос, как сделать, купить окна, установка окон, регулировка окон, ремонт окон, жалюзи, рамы",Высокий
Химчистка и мягкая мебель,Категория + лендинги,химчистка мебели москва,"химчистка дивана москва, химчистка кресла москва, химчистка стульев москва, чистка ковров москва",/himchistka-mebeli-moskva,Химчистка мебели москва — цены и заказ | Ваша Компания,Химчистка мебели москва,"Химчистка мебели москва с гарантией качества в Москве. Профессионально, быстро, с материалами. Онлайн-расчёт и выезд в день обращения. Звоните!","/klining-moskva, /czena-uborki, /posle-remonta, /myte-okon, /uborka-kvartiry, /kontakt","работа, вакансии, своими руками, самостоятельно, бесплатно, обучение, курсы, оборудование, средства, отзывы, форум, youtube, видео, робот пылесос, как сделать, купить диван, ремонт дивана, чехлы, перетяжка мебели",Средний
Химчистка и мягкая мебель,Категория + лендинги,химчистка дивана москва,"химчистка мебели москва, химчистка кресла москва, химчистка стульев москва, чистка ковров москва",/himchistka-divana-moskva,Химчистка дивана москва — цены и заказ | Ваша Компания,Химчистка дивана москва,"Химчистка дивана москва с гарантией качества в Москве. Профессионально, быстро, с материалами. Онлайн-расчёт и выезд в день обращения. Звоните!","/klining-moskva, /czena-uborki, /posle-remonta, /myte-okon, /uborka-kvartiry, /kontakt","работа, вакансии, своими руками, самостоятельно, бесплатно, обучение, курсы, оборудование, средства, отзывы, форум, youtube, видео, робот пылесос, как сделать, купить диван, ремонт дивана, чехлы, перетяжка мебели",Средний
Химчистка и мягкая мебель,Категория + лендинги,химчистка кресла москва,"химчистка мебели москва, химчистка дивана москва, химчистка стульев москва, чистка ковров москва",/himchistka-kresla-moskva,Химчистка кресла москва — цены и заказ | Ваша Компания,Химчистка кресла москва,"Химчистка кресла москва с гарантией качества в Москве. Профессионально, быстро, с материалами. Онлайн-расчёт и выезд в день обращения. Звоните!","/klining-moskva, /czena-uborki, /posle-remonta, /myte-okon, /uborka-kvartiry, /kontakt","работа, вакансии, своими руками, самостоятельно, бесплатно, обучение, курсы, оборудование, средства, отзывы, форум, youtube, видео, робот пылесос, как сделать, купить диван, ремонт дивана, чехлы, перетяжка мебели",Средний
Химчистка и мягкая мебель,Категория + лендинги,химчистка стульев москва,"химчистка мебели москва, химчистка дивана москва, химчистка кресла москва, чистка ковров москва",/himchistka-stulev-moskva,Химчистка стульев москва — цены и заказ | Ваша Компания,Химчистка стульев москва,"Химчистка стульев москва с гарантией качества в Москве. Профессионально, быстро, с материалами. Онлайн-расчёт и выезд в день обращения. Звоните!","/klining-moskva, /czena-uborki, /posle-remonta, /myte-okon, /uborka-kvartiry, /kontakt","работа, вакансии, своими руками, самостоятельно, бесплатно, обучение, курсы, оборудование, средства, отзывы, форум, youtube, видео, робот пылесос, как сделать, купить диван, ремонт дивана, чехлы, перетяжка мебели",Средний
Химчистка и мягкая мебель,Категория + лендинги,чистка ковров москва,"химчистка мебели москва, химчистка дивана москва, химчистка кресла москва, химчистка стульев москва",/chistka-kovrov-moskva,Чистка ковров москва — цены и заказ | Ваша Компания,Чистка ковров москва,"Чистка ковров москва с гарантией качества в Москве. Профессионально, быстро, с материалами. Онлайн-расчёт и выезд в день обращения. Звоните!","/klining-moskva, /czena-uborki, /posle-remonta, /myte-okon, /uborka-kvartiry, /kontakt","работа, вакансии, своими руками, самостоятельно, бесплатно, обучение, курсы, оборудование, средства, отзывы, форум, youtube, видео, робот пылесос, как сделать, купить диван, ремонт дивана, чехлы, перетяжка мебели",Средний
Химчистка и мягкая мебель,Категория + лендинги,химчистка матраса москва,"химчистка мебели москва, химчистка дивана москва, химчистка кресла москва, химчистка стульев москва",/himchistka-matrasa-moskva,Химчистка матраса москва — цены и заказ | Ваша Компания,Химчистка матраса москва,"Химчистка матраса москва с гарантией качества в Москве. Профессионально, быстро, с материалами. Онлайн-расчёт и выезд в день обращения. Звоните!","/klining-moskva, /czena-uborki, /posle-remonta, /myte-okon, /uborka-kvartiry, /kontakt","работа, вакансии, своими руками, самостоятельно, бесплатно, обучение, курсы, оборудование, средства, отзывы, форум, youtube, видео, робот пылесос, как сделать, купить диван, ремонт дивана, чехлы, перетяжка мебели",Средний
Химчистка и мягкая мебель,Категория + лендинги,химчистка штор москва,"химчистка мебели москва, химчистка дивана москва, химчистка кресла москва, химчистка стульев москва",/himchistka-shtor-moskva,Химчистка штор москва — цены и заказ | Ваша Компания,Химчистка штор москва,"Химчистка штор москва с гарантией качества в Москве. Профессионально, быстро, с материалами. Онлайн-расчёт и выезд в день обращения. Звоните!","/klining-moskva, /czena-uborki, /posle-remonta, /myte-okon, /uborka-kvartiry, /kontakt","работа, вакансии, своими руками, самостоятельно, бесплатно, обучение, курсы, оборудование, средства, отзывы, форум, youtube, видео, робот пылесос, как сделать, купить диван, ремонт дивана, чехлы, перетяжка мебели",Средний
Химчистка и мягкая мебель,Категория + лендинги,химчистка ковролина москва,"химчистка мебели москва, химчистка дивана москва, химчистка кресла москва, химчистка стульев москва",/himchistka-kovrolina-moskva,Химчистка ковролина москва — цены и заказ | Ваша Компания,Химчистка ковролина москва,"Химчистка ковролина москва с гарантией качества в Москве. Профессионально, быстро, с материалами. Онлайн-расчёт и выезд в день обращения. Звоните!","/klining-moskva, /czena-uborki, /posle-remonta, /myte-okon, /uborka-kvartiry, /kontakt","работа, вакансии, своими руками, самостоятельно, бесплатно, обучение, курсы, оборудование, средства, отзывы, форум, youtube, видео, робот пылесос, как сделать, купить диван, ремонт дивана, чехлы, перетяжка мебели",Средний
Химчистка и мягкая мебель,Категория + лендинги,удаление запахов москва,"химчистка мебели москва, химчистка дивана москва, химчистка кресла москва, химчистка стульев москва",/udalenie-zapahov-moskva,Удаление запахов москва — цены и заказ | Ваша Компания,Удаление запахов москва,"Удаление запахов москва с гарантией качества в Москве. Профессионально, быстро, с материалами. Онлайн-расчёт и выезд в день обращения. Звоните!","/klining-moskva, /czena-uborki, /posle-remonta, /myte-okon, /uborka-kvartiry, /kontakt","работа, вакансии, своими руками, самостоятельно, бесплатно, обучение, курсы, оборудование, средства, отзывы, форум, youtube, видео, робот пылесос, как сделать, купить диван, ремонт дивана, чехлы, перетяжка мебели",Средний
Химчистка и мягкая мебель,Категория + лендинги,выведение пятен мебель москва,"химчистка мебели москва, химчистка дивана москва, химчистка кресла москва, химчистка стульев москва",/vyvedenie-pyaten-mebel-moskva,Выведение пятен мебель москва — цены и заказ | Ваша Компания,Выведение пятен мебель москва,"Выведение пятен мебель москва с гарантией качества в Москве. Профессионально, быстро, с материалами. Онлайн-расчёт и выезд в день обращения. Звоните!","/klining-moskva, /czena-uborki, /posle-remonta, /myte-okon, /uborka-kvartiry, /kontakt","работа, вакансии, своими руками, самостоятельно, бесплатно, обучение, курсы, оборудование, средства, отзывы, форум, youtube, видео, робот пылесос, как сделать, купить диван, ремонт дивана, чехлы, перетяжка мебели",Средний
Твёрдые поверхности и полы,Категория + лендинги,полировка мрамора москва,"кристаллизация мрамора москва, шлифовка полов москва, глубокая чистка напольных покрытий москва, мойка полов москва",/polirovka-mramora-moskva,Полировка мрамора москва — цены и заказ | Ваша Компания,Полировка мрамора москва,"Полировка мрамора москва с гарантией качества в Москве. Профессионально, быстро, с материалами. Онлайн-расчёт и выезд в день обращения. Звоните!","/klining-moskva, /czena-uborki, /posle-remonta, /myte-okon, /uborka-kvartiry, /kontakt","работа, вакансии, своими руками, самостоятельно, бесплатно, обучение, курсы, оборудование, средства, отзывы, форум, youtube, видео, робот пылесос, как сделать",Средний
Твёрдые поверхности и полы,Категория + лендинги,кристаллизация мрамора москва,"полировка мрамора москва, шлифовка полов москва, глубокая чистка напольных покрытий москва, мойка полов москва",/kristallizaciya-mramora-moskva,Кристаллизация мрамора москва — цены и заказ | Ваша Компания,Кристаллизация мрамора москва,"Кристаллизация мрамора москва с гарантией качества в Москве. Профессионально, быстро, с материалами. Онлайн-расчёт и выезд в день обращения. Звоните!","/klining-moskva, /czena-uborki, /posle-remonta, /myte-okon, /uborka-kvartiry, /kontakt","работа, вакансии, своими руками, самостоятельно, бесплатно, обучение, курсы, оборудование, средства, отзывы, форум, youtube, видео, робот пылесос, как сделать",Средний
Твёрдые поверхности и полы,Категория + лендинги,шлифовка полов москва,"полировка мрамора москва, кристаллизация мрамора москва, глубокая чистка напольных покрытий москва, мойка полов москва",/shlifovka-polov-moskva,Шлифовка полов москва — цены и заказ | Ваша Компания,Шлифовка полов москва,"Шлифовка полов москва с гарантией качества в Москве. Профессионально, быстро, с материалами. Онлайн-расчёт и выезд в день обращения. Звоните!","/klining-moskva, /czena-uborki, /posle-remonta, /myte-okon, /uborka-kvartiry, /kontakt","работа, вакансии, своими руками, самостоятельно, бесплатно, обучение, курсы, оборудование, средства, отзывы, форум, youtube, видео, робот пылесос, как сделать",Средний
Твёрдые поверхности и полы,Категория + лендинги,глубокая чистка напольных покрытий москва,"полировка мрамора москва, кристаллизация мрамора москва, шлифовка полов москва, мойка полов москва",/glubokaya-chistka-napolnyh-pokrytiy-moskva,Глубокая чистка напольных покрытий москва — цены и заказ | Ваша Компания,Глубокая чистка напольных покрытий москва,"Глубокая чистка напольных покрытий москва с гарантией качества в Москве. Профессионально, быстро, с материалами. Онлайн-расчёт и выезд в день обращения. Звоните!","/klining-moskva, /czena-uborki, /posle-remonta, /myte-okon, /uborka-kvartiry, /kontakt","работа, вакансии, своими руками, самостоятельно, бесплатно, обучение, курсы, оборудование, средства, отзывы, форум, youtube, видео, робот пылесос, как сделать",Средний
Твёрдые поверхности и полы,Категория + лендинги,мойка полов москва,"полировка мрамора москва, кристаллизация мрамора москва, шлифовка полов москва, глубокая чистка напольных покрытий москва",/moyka-polov-moskva,Мойка полов москва — цены и заказ | Ваша Компания,Мойка полов москва,"Мойка полов москва с гарантией качества в Москве. Профессионально, быстро, с материалами. Онлайн-расчёт и выезд в день обращения. Звоните!","/klining-moskva, /czena-uborki, /posle-remonta, /myte-okon, /uborka-kvartiry, /kontakt","работа, вакансии, своими руками, самостоятельно, бесплатно, обучение, курсы, оборудование, средства, отзывы, форум, youtube, видео, робот пылесос, как сделать",Средний
"Гигиена, кухня и санузлы",Категория + лендинги,уборка кухни москва,"чистка духовки москва, чистка холодильника москва, уборка санузла москва, эко уборка москва",/uborka-kuhni-moskva,Уборка кухни москва — цены и заказ | Ваша Компания,Уборка кухни москва,"Уборка кухни москва с гарантией качества в Москве. Профессионально, быстро, с материалами. Онлайн-расчёт и выезд в день обращения. Звоните!","/klining-moskva, /czena-uborki, /posle-remonta, /myte-okon, /uborka-kvartiry, /kontakt","работа, вакансии, своими руками, самостоятельно, бесплатно, обучение, курсы, оборудование, средства, отзывы, форум, youtube, видео, робот пылесос, как сделать",Средний
"Гигиена, кухня и санузлы",Категория + лендинги,чистка духовки москва,"уборка кухни москва, чистка холодильника москва, уборка санузла москва, эко уборка москва",/chistka-duhovki-moskva,Чистка духовки москва — цены и заказ | Ваша Компания,Чистка духовки москва,"Чистка духовки москва с гарантией качества в Москве. Профессионально, быстро, с материалами. Онлайн-расчёт и выезд в день обращения. Звоните!","/klining-moskva, /czena-uborki, /posle-remonta, /myte-okon, /uborka-kvartiry, /kontakt","работа, вакансии, своими руками, самостоятельно, бесплатно, обучение, курсы, оборудование, средства, отзывы, форум, youtube, видео, робот пылесос, как сделать",Средний
"Гигиена, кухня и санузлы",Категория + лендинги,чистка холодильника москва,"уборка кухни москва, чистка духовки москва, уборка санузла москва, эко уборка москва",/chistka-holodilnika-moskva,Чистка холодильника москва — цены и заказ | Ваша Компания,Чистка холодильника москва,"Чистка холодильника москва с гарантией качества в Москве. Профессионально, быстро, с материалами. Онлайн-расчёт и выезд в день обращения. Звоните!","/klining-moskva, /czena-uborki, /posle-remonta, /myte-okon, /uborka-kvartiry, /kontakt","работа, вакансии, своими руками, самостоятельно, бесплатно, обучение, курсы, оборудование, средства, отзывы, форум, youtube, видео, робот пылесос, как сделать",Средний
"Гигиена, кухня и санузлы",Категория + лендинги,уборка санузла москва,"уборка кухни москва, чистка духовки москва, чистка холодильника москва, эко уборка москва",/uborka-sanuzla-moskva,Уборка санузла москва — цены и заказ | Ваша Компания,Уборка санузла москва,"Уборка санузла москва с гарантией качества в Москве. Профессионально, быстро, с материалами. Онлайн-расчёт и выезд в день обращения. Звоните!","/klining-moskva, /czena-uborki, /posle-remonta, /myte-okon, /uborka-kvartiry, /kontakt","работа, вакансии, своими руками, самостоятельно, бесплатно, обучение, курсы, оборудование, средства, отзывы, форум, youtube, видео, робот пылесос, как сделать",Средний
"Гигиена, кухня и санузлы",Категория + лендинги,эко уборка москва,"уборка кухни москва, чистка духовки москва, чистка холодильника москва, уборка санузла москва",/eko-uborka-moskva,Эко уборка москва — цены и заказ | Ваша Компания,Эко уборка москва,"Эко уборка москва с гарантией качества в Москве. Профессионально, быстро, с материалами. Онлайн-расчёт и выезд в день обращения. Звоните!","/klining-moskva, /czena-uborki, /posle-remonta, /myte-okon, /uborka-kvartiry, /kontakt","работа, вакансии, своими руками, самостоятельно, бесплатно, обучение, курсы, оборудование, средства, отзывы, форум, youtube, видео, робот пылесос, как сделать",Средний
"Гигиена, кухня и санузлы",Категория + лендинги,гипоаллергенная уборка москва,"уборка кухни москва, чистка духовки москва, чистка холодильника москва, уборка санузла москва",/gipoallergennaya-uborka-moskva,Гипоаллергенная уборка москва — цены и заказ | Ваша Компания,Гипоаллергенная уборка москва,"Гипоаллергенная уборка москва с гарантией качества в Москве. Профессионально, быстро, с материалами. Онлайн-расчёт и выезд в день обращения. Звоните!","/klining-moskva, /czena-uborki, /posle-remonta, /myte-okon, /uborka-kvartiry, /kontakt","работа, вакансии, своими руками, самостоятельно, бесплатно, обучение, курсы, оборудование, средства, отзывы, форум, youtube, видео, робот пылесос, как сделать",Средний
"Гигиена, кухня и санузлы",Категория + лендинги,уборка без химии москва,"уборка кухни москва, чистка духовки москва, чистка холодильника москва, уборка санузла москва",/uborka-bez-himii-moskva,Уборка без химии москва — цены и заказ | Ваша Компания,Уборка без химии москва,"Уборка без химии москва с гарантией качества в Москве. Профессионально, быстро, с материалами. Онлайн-расчёт и выезд в день обращения. Звоните!","/klining-moskva, /czena-uborki, /posle-remonta, /myte-okon, /uborka-kvartiry, /kontakt","работа, вакансии, своими руками, самостоятельно, бесплатно, обучение, курсы, оборудование, средства, отзывы, форум, youtube, видео, робот пылесос, как сделать",Средний
"Гигиена, кухня и санузлы",Категория + лендинги,уборка с парогенератором москва,"уборка кухни москва, чистка духовки москва, чистка холодильника москва, уборка санузла москва",/uborka-s-parogeneratorom-moskva,Уборка с парогенератором москва — цены и заказ | Ваша Компания,Уборка с парогенератором москва,"Уборка с парогенератором москва с гарантией качества в Москве. Профессионально, быстро, с материалами. Онлайн-расчёт и выезд в день обращения. Звоните!","/klining-moskva, /czena-uborki, /posle-remonta, /myte-okon, /uborka-kvartiry, /kontakt","работа, вакансии, своими руками, самостоятельно, бесплатно, обучение, курсы, оборудование, средства, отзывы, форум, youtube, видео, робот пылесос, как сделать",Средний
"Гигиена, кухня и санузлы",Категория + лендинги,антибактериальная уборка москва,"уборка кухни москва, чистка духовки москва, чистка холодильника москва, уборка санузла москва",/antibakterialnaya-uborka-moskva,Антибактериальная уборка москва — цены и заказ | Ваша Компания,Антибактериальная уборка москва,"Антибактериальная уборка москва с гарантией качества в Москве. Профессионально, быстро, с материалами. Онлайн-расчёт и выезд в день обращения. Звоните!","/klining-moskva, /czena-uborki, /posle-remonta, /myte-okon, /uborka-kvartiry, /kontakt","работа, вакансии, своими руками, самостоятельно, бесплатно, обучение, курсы, оборудование, средства, отзывы, форум, youtube, видео, робот пылесос, как сделать",Средний
Графики уборки,Сервис-страницы,еженедельная уборка москва,"ежедневная уборка москва, ежемесячная уборка москва, ночная уборка москва, уборка в выходные москва",/ezhenedelnaya-uborka-moskva,Еженедельная уборка москва — цены и заказ | Ваша Компания,Еженедельная уборка москва,"Еженедельная уборка москва с гарантией качества в Москве. Профессионально, быстро, с материалами. Онлайн-расчёт и выезд в день обращения. Звоните!","/klining-moskva, /czena-uborki, /posle-remonta, /myte-okon, /uborka-kvartiry, /kontakt","работа, вакансии, своими руками, самостоятельно, бесплатно, обучение, курсы, оборудование, средства, отзывы, форум, youtube, видео, робот пылесос, как сделать",Средний
Графики уборки,Сервис-страницы,ежедневная уборка москва,"еженедельная уборка москва, ежемесячная уборка москва, ночная уборка москва, уборка в выходные москва",/ezhednevnaya-uborka-moskva,Ежедневная уборка москва — цены и заказ | Ваша Компания,Ежедневная уборка москва,"Ежедневная уборка москва с гарантией качества в Москве. Профессионально, быстро, с материалами. Онлайн-расчёт и выезд в день обращения. Звоните!","/klining-moskva, /czena-uborki, /posle-remonta, /myte-okon, /uborka-kvartiry, /kontakt","работа, вакансии, своими руками, самостоятельно, бесплатно, обучение, курсы, оборудование, средства, отзывы, форум, youtube, видео, робот пылесос, как сделать",Средний
Графики уборки,Сервис-страницы,ежемесячная уборка москва,"еженедельная уборка москва, ежедневная уборка москва, ночная уборка москва, уборка в выходные москва",/ezhemesyachnaya-uborka-moskva,Ежемесячная уборка москва — цены и заказ | Ваша Компания,Ежемесячная уборка москва,"Ежемесячная уборка москва с гарантией качества в Москве. Профессионально, быстро, с материалами. Онлайн-расчёт и выезд в день обращения. Звоните!","/klining-moskva, /czena-uborki, /posle-remonta, /myte-okon, /uborka-kvartiry, /kontakt","работа, вакансии, своими руками, самостоятельно, бесплатно, обучение, курсы, оборудование, средства, отзывы, форум, youtube, видео, робот пылесос, как сделать",Средний
Графики уборки,Сервис-страницы,ночная уборка москва,"еженедельная уборка москва, ежедневная уборка москва, ежемесячная уборка москва, уборка в выходные москва",/nochnaya-uborka-moskva,Ночная уборка москва — цены и заказ | Ваша Компания,Ночная уборка москва,"Ночная уборка москва с гарантией качества в Москве. Профессионально, быстро, с материалами. Онлайн-расчёт и выезд в день обращения. Звоните!","/klining-moskva, /czena-uborki, /posle-remonta, /myte-okon, /uborka-kvartiry, /kontakt","работа, вакансии, своими руками, самостоятельно, бесплатно, обучение, курсы, оборудование, средства, отзывы, форум, youtube, видео, робот пылесос, как сделать",Средний
Графики уборки,Сервис-страницы,уборка в выходные москва,"еженедельная уборка москва, ежедневная уборка москва, ежемесячная уборка москва, ночная уборка москва",/uborka-v-vyhodnye-moskva,Уборка в выходные москва — цены и заказ | Ваша Компания,Уборка в выходные москва,"Уборка в выходные москва с гарантией качества в Москве. Профессионально, быстро, с материалами. Онлайн-расчёт и выезд в день обращения. Звоните!","/klining-moskva, /czena-uborki, /posle-remonta, /myte-okon, /uborka-kvartiry, /kontakt","работа, вакансии, своими руками, самостоятельно, бесплатно, обучение, курсы, оборудование, средства, отзывы, форум, youtube, видео, робот пылесос, как сделать",Средний
B2B: отраслевые объекты,Категория B2B,уборка ресторана москва,"уборка кафе москва, уборка гостиниц москва, уборка медицинских учреждений москва, клининг складов москва",/uborka-restorana-moskva,Уборка ресторана москва — цены и заказ | Ваша Компания,Уборка ресторана москва,"Уборка ресторана москва с гарантией качества в Москве. Профессионально, быстро, с материалами. Онлайн-расчёт и выезд в день обращения. Звоните!","/klining-moskva, /czena-uborki, /posle-remonta, /myte-okon, /uborka-kvartiry, /kontakt","работа, вакансии, своими руками, самостоятельно, бесплатно, обучение, курсы, оборудование, средства, отзывы, форум, youtube, видео, робот пылесос, как сделать",Средний
B2B: отраслевые объекты,Категория B2B,уборка кафе москва,"уборка ресторана москва, уборка гостиниц москва, уборка медицинских учреждений москва, клининг складов москва",/uborka-kafe-moskva,Уборка кафе москва — цены и заказ | Ваша Компания,Уборка кафе москва,"Уборка кафе москва с гарантией качества в Москве. Профессионально, быстро, с материалами. Онлайн-расчёт и выезд в день обращения. Звоните!","/klining-moskva, /czena-uborki, /posle-remonta, /myte-okon, /uborka-kvartiry, /kontakt","работа, вакансии, своими руками, самостоятельно, бесплатно, обучение, курсы, оборудование, средства, отзывы, форум, youtube, видео, робот пылесос, как сделать",Средний
B2B: отраслевые объекты,Категория B2B,уборка гостиниц москва,"уборка ресторана москва, уборка кафе москва, уборка медицинских учреждений москва, клининг складов москва",/uborka-gostinic-moskva,Уборка гостиниц москва — цены и заказ | Ваша Компания,Уборка гостиниц москва,"Уборка гостиниц москва с гарантией качества в Москве. Профессионально, быстро, с материалами. Онлайн-расчёт и выезд в день обращения. Звоните!","/klining-moskva, /czena-uborki, /posle-remonta, /myte-okon, /uborka-kvartiry, /kontakt","работа, вакансии, своими руками, самостоятельно, бесплатно, обучение, курсы, оборудование, средства, отзывы, форум, youtube, видео, робот пылесос, как сделать",Средний
B2B: отраслевые объекты,Категория B2B,уборка медицинских учреждений москва,"уборка ресторана москва, уборка кафе москва, уборка гостиниц москва, клининг складов москва",/uborka-medicinskih-uchrezhdeniy-moskva,Уборка медицинских учреждений москва — цены и заказ | Ваша Компания,Уборка медицинских учреждений москва,"Уборка медицинских учреждений москва с гарантией качества в Москве. Профессионально, быстро, с материалами. Онлайн-расчёт и выезд в день обращения. Звоните!","/klining-moskva, /czena-uborki, /posle-remonta, /myte-okon, /uborka-kvartiry, /kontakt","работа, вакансии, своими руками, самостоятельно, бесплатно, обучение, курсы, оборудование, средства, отзывы, форум, youtube, видео, робот пылесос, как сделать",Средний
B2B: отраслевые объекты,Категория B2B,клининг складов москва,"уборка ресторана москва, уборка кафе москва, уборка гостиниц москва, уборка медицинских учреждений москва",/klining-skladov-moskva,Клининг складов москва — цены и заказ | Ваша Компания,Клининг складов москва,"Клининг складов москва с гарантией качества в Москве. Профессионально, быстро, с материалами. Онлайн-расчёт и выезд в день обращения. Звоните!","/klining-moskva, /czena-uborki, /posle-remonta, /myte-okon, /uborka-kvartiry, /kontakt","работа, вакансии, своими руками, самостоятельно, бесплатно, обучение, курсы, оборудование, средства, отзывы, форум, youtube, видео, робот пылесос, как сделать",Средний
Улица и территории,Категория + лендинги,уборка территории москва,"уборка снега москва, уборка парковки москва, уборка подъездов москва",/uborka-territorii-moskva,Уборка территории москва — цены и заказ | Ваша Компания,Уборка территории москва,"Уборка территории москва с гарантией качества в Москве. Профессионально, быстро, с материалами. Онлайн-расчёт и выезд в день обращения. Звоните!","/klining-moskva, /czena-uborki, /posle-remonta, /myte-okon, /uborka-kvartiry, /kontakt","работа, вакансии, своими руками, самостоятельно, бесплатно, обучение, курсы, оборудование, средства, отзывы, форум, youtube, видео, робот пылесос, как сделать, контейнер купить, самовывоз, утилизация опасных отходов",Средний
Улица и территории,Категория + лендинги,уборка снега москва,"уборка территории москва, уборка парковки москва, уборка подъездов москва",/uborka-snega-moskva,Уборка снега москва — цены и заказ | Ваша Компания,Уборка снега москва,"Уборка снега москва с гарантией качества в Москве. Профессионально, быстро, с материалами. Онлайн-расчёт и выезд в день обращения. Звоните!","/klining-moskva, /czena-uborki, /posle-remonta, /myte-okon, /uborka-kvartiry, /kontakt","работа, вакансии, своими руками, самостоятельно, бесплатно, обучение, курсы, оборудование, средства, отзывы, форум, youtube, видео, робот пылесос, как сделать, контейнер купить, самовывоз, утилизация опасных отходов",Средний
Улица и территории,Категория + лендинги,уборка парковки москва,"уборка территории москва, уборка снега москва, уборка подъездов москва",/uborka-parkovki-moskva,Уборка парковки москва — цены и заказ | Ваша Компания,Уборка парковки москва,"Уборка парковки москва с гарантией качества в Москве. Профессионально, быстро, с материалами. Онлайн-расчёт и выезд в день обращения. Звоните!","/klining-moskva, /czena-uborki, /posle-remonta, /myte-okon, /uborka-kvartiry, /kontakt","работа, вакансии, своими руками, самостоятельно, бесплатно, обучение, курсы, оборудование, средства, отзывы, форум, youtube, видео, робот пылесос, как сделать, контейнер купить, самовывоз, утилизация опасных отходов",Средний
Улица и территории,Категория + лендинги,уборка подъездов москва,"уборка территории москва, уборка снега москва, уборка парковки москва",/uborka-podezdov-moskva,Уборка подъездов москва — цены и заказ | Ваша Компания,Уборка подъездов москва,"Уборка подъездов москва с гарантией качества в Москве. Профессионально, быстро, с материалами. Онлайн-расчёт и выезд в день обращения. Звоните!","/klining-moskva, /czena-uborki, /posle-remonta, /myte-okon, /uborka-kvartiry, /kontakt","работа, вакансии, своими руками, самостоятельно, бесплатно, обучение, курсы, оборудование, средства, отзывы, форум, youtube, видео, робот пылесос, как сделать, контейнер купить, самовывоз, утилизация опасных отходов",Средний
