URL,Кластер,Тип страницы,Основной запрос,Интент,Рекомендуемый объём,Рекомендуемые H2,Блоки на странице,Важные CTA,Schema.org,Внутренние ссылки (ядро),Приоритет
https://your-domain.ru/klining-moskva,Главная/Общее: клининг Москва,Лендинг (главная услуга),клининг москва,Транзакционный (заказ услуги),1200–1800 слов,Цены и что входит в услугу | Как проходит уборка: шаги и сроки | Оборудование и химия: безопасность | Почему выбирают нас (5–7 преимуществ) | Гарантии и контроль качества | Фото до/после (галерея) | Отзывы клиентов | Частые вопросы (FAQ) | Контакты и CTA «Заказать уборку»,Герой + быстрый калькулятор + три тарифа + преимущества + процесс + кейсы/фото + отзывы + FAQ + CTA,Рассчитать стоимость; Заказать уборку; Получить КП (для B2B),"BreadcrumbList, FAQPage, ImageObject, LocalBusiness, Organization, Service","/klining-moskva, /czena-uborki, /posle-remonta, /myte-okon, /uborka-kvartiry, /kontakt",Высокий
https://your-domain.ru/kliningovaya-kompaniya-moskva,Главная/Общее: клининг Москва,Лендинг (главная услуга),клининговая компания москва,Транзакционный (заказ услуги),1200–1800 слов,Цены и что входит в услугу | Как проходит уборка: шаги и сроки | Оборудование и химия: безопасность | Почему выбирают нас (5–7 преимуществ) | Гарантии и контроль качества | Фото до/после (галерея) | Отзывы клиентов | Частые вопросы (FAQ) | Контакты и CTA «Заказать уборку»,Герой + быстрый калькулятор + три тарифа + преимущества + процесс + кейсы/фото + отзывы + FAQ + CTA,Рассчитать стоимость; Заказать уборку; Получить КП (для B2B),"BreadcrumbList, FAQPage, ImageObject, LocalBusiness, Organization, Service","/klining-moskva, /czena-uborki, /posle-remonta, /myte-okon, /uborka-kvartiry, /kontakt",Высокий
https://your-domain.ru/kliningovye-uslugi-moskva,Главная/Общее: клининг Москва,Лендинг (главная услуга),клининговые услуги москва,Транзакционный (заказ услуги),1200–1800 слов,Цены и что входит в услугу | Как проходит уборка: шаги и сроки | Оборудование и химия: безопасность | Почему выбирают нас (5–7 преимуществ) | Гарантии и контроль качества | Фото до/после (галерея) | Отзывы клиентов | Частые вопросы (FAQ) | Контакты и CTA «Заказать уборку»,Герой + быстрый калькулятор + три тарифа + преимущества + процесс + кейсы/фото + отзывы + FAQ + CTA,Рассчитать стоимость; Заказать уборку; Получить КП (для B2B),"BreadcrumbList, FAQPage, ImageObject, LocalBusiness, Organization, Service","/klining-moskva, /czena-uborki, /posle-remonta, /myte-okon, /uborka-kvartiry, /kontakt",Высокий
https://your-domain.ru/poslestroitelnyy-klining-moskva,Главная/Общее: клининг Москва,Лендинг (главная услуга),послестроительный клининг москва,Транзакционный (заказ услуги),1200–1800 слов,Цены и что входит в услугу | Этапы послестроительной уборки | Как проходит уборка: шаги и сроки | Оборудование и химия: безопасность | Почему выбирают нас (5–7 преимуществ) | Гарантии и контроль качества | Фото до/после (галерея) | Отзывы клиентов | Частые вопросы (FAQ) | Контакты и CTA «Заказать уборку»,Герой + быстрый калькулятор + три тарифа + преимущества + процесс + кейсы/фото + отзывы + FAQ + CTA,Рассчитать стоимость; Заказать уборку; Получить КП (для B2B),"BreadcrumbList, FAQPage, ImageObject, LocalBusiness, Organization, Service","/klining-moskva, /czena-uborki, /posle-remonta, /myte-okon, /uborka-kvartiry, /kontakt",Высокий
https://your-domain.ru/vysotnyy-klining-moskva,Главная/Общее: клининг Москва,Лендинг (главная услуга),высотный клининг москва,Транзакционный (заказ услуги),1200–1800 слов,Цены и что входит в услугу | Техника безопасности и допуски | Методики мойки и доступ к фасадам | Как проходит уборка: шаги и сроки | Оборудование и химия: безопасность | Почему выбирают нас (5–7 преимуществ) | Гарантии и контроль качества | Фото до/после (галерея) | Отзывы клиентов | Частые вопросы (FAQ) | Контакты и CTA «Заказать уборку»,Герой + быстрый калькулятор + три тарифа + преимущества + процесс + кейсы/фото + отзывы + FAQ + CTA,Рассчитать стоимость; Заказать уборку; Получить КП (для B2B),"BreadcrumbList, FAQPage, ImageObject, LocalBusiness, Organization, Service","/klining-moskva, /czena-uborki, /posle-remonta, /myte-okon, /uborka-kvartiry, /kontakt",Высокий
https://your-domain.ru/klining-prays-moskva,Главная/Общее: клининг Москва,Лендинг (главная услуга),клининг прайс москва,Транзакционный (заказ услуги),1200–1800 слов,Цены и что входит в услугу | Как проходит уборка: шаги и сроки | Оборудование и химия: безопасность | Почему выбирают нас (5–7 преимуществ) | Гарантии и контроль качества | Фото до/после (галерея) | Отзывы клиентов | Частые вопросы (FAQ) | Контакты и CTA «Заказать уборку»,Герой + быстрый калькулятор + три тарифа + преимущества + процесс + кейсы/фото + отзывы + FAQ + CTA,Рассчитать стоимость; Заказать уборку; Получить КП (для B2B),"BreadcrumbList, FAQPage, ImageObject, LocalBusiness, Organization, Service","/klining-moskva, /czena-uborki, /posle-remonta, /myte-okon, /uborka-kvartiry, /kontakt",Высокий
https://your-domain.ru/kliningovaya-kompaniya-moskva-centr,Главная/Общее: клининг Москва,Лендинг (главная услуга),клининговая компания москва центр,Транзакционный (заказ услуги),1200–1800 слов,Цены и что входит в услугу | Как проходит уборка: шаги и сроки | Оборудование и химия: безопасность | Почему выбирают нас (5–7 преимуществ) | Гарантии и контроль качества | Фото до/после (галерея) | Отзывы клиентов | Частые вопросы (FAQ) | Контакты и CTA «Заказать уборку»,Герой + быстрый калькулятор + три тарифа + преимущества + процесс + кейсы/фото + отзывы + FAQ + CTA,Рассчитать стоимость; Заказать уборку; Получить КП (для B2B),"BreadcrumbList, FAQPage, ImageObject, LocalBusiness, Organization, Service","/klining-moskva, /czena-uborki, /posle-remonta, /myte-okon, /uborka-kvartiry, /kontakt",Высокий
https://your-domain.ru/klining-moskva-cao,Главная/Общее: клининг Москва,Лендинг (главная услуга),клининг москва ЦАО,Транзакционный (заказ услуги),1200–1800 слов,Цены и что входит в услугу | Как проходит уборка: шаги и сроки | Оборудование и химия: безопасность | Почему выбирают нас (5–7 преимуществ) | Гарантии и контроль качества | Фото до/после (галерея) | Отзывы клиентов | Частые вопросы (FAQ) | Контакты и CTA «Заказать уборку»,Герой + быстрый калькулятор + три тарифа + преимущества + процесс + кейсы/фото + отзывы + FAQ + CTA,Рассчитать стоимость; Заказать уборку; Получить КП (для B2B),"BreadcrumbList, FAQPage, ImageObject, LocalBusiness, Organization, Service","/klining-moskva, /czena-uborki, /posle-remonta, /myte-okon, /uborka-kvartiry, /kontakt",Высокий
https://your-domain.ru/klining-moskva-sao,Главная/Общее: клининг Москва,Лендинг (главная услуга),клининг москва САО,Транзакционный (заказ услуги),1200–1800 слов,Цены и что входит в услугу | Как проходит уборка: шаги и сроки | Оборудование и химия: безопасность | Почему выбирают нас (5–7 преимуществ) | Гарантии и контроль качества | Фото до/после (галерея) | Отзывы клиентов | Частые вопросы (FAQ) | Контакты и CTA «Заказать уборку»,Герой + быстрый калькулятор + три тарифа + преимущества + процесс + кейсы/фото + отзывы + FAQ + CTA,Рассчитать стоимость; Заказать уборку; Получить КП (для B2B),"BreadcrumbList, FAQPage, ImageObject, LocalBusiness, Organization, Service","/klining-moskva, /czena-uborki, /posle-remonta, /myte-okon, /uborka-kvartiry, /kontakt",Высокий
https://your-domain.ru/klining-moskva-svao,Главная/Общее: клининг Москва,Лендинг (главная услуга),клининг москва СВАО,Транзакционный (заказ услуги),1200–1800 слов,Цены и что входит в услугу | Как проходит уборка: шаги и сроки | Оборудование и химия: безопасность | Почему выбирают нас (5–7 преимуществ) | Гарантии и контроль качества | Фото до/после (галерея) | Отзывы клиентов | Частые вопросы (FAQ) | Контакты и CTA «Заказать уборку»,Герой + быстрый калькулятор + три тарифа + преимущества + процесс + кейсы/фото + отзывы + FAQ + CTA,Рассчитать стоимость; Заказать уборку; Получить КП (для B2B),"BreadcrumbList, FAQPage, ImageObject, LocalBusiness, Organization, Service","/klining-moskva, /czena-uborki, /posle-remonta, /myte-okon, /uborka-kvartiry, /kontakt",Высокий
https://your-domain.ru/klining-moskva-vao,Главная/Общее: клининг Москва,Лендинг (главная услуга),клининг москва ВАО,Транзакционный (заказ услуги),1200–1800 слов,Цены и что входит в услугу | Как проходит уборка: шаги и сроки | Оборудование и химия: безопасность | Почему выбирают нас (5–7 преимуществ) | Гарантии и контроль качества | Фото до/после (галерея) | Отзывы клиентов | Частые вопросы (FAQ) | Контакты и CTA «Заказать уборку»,Герой + быстрый калькулятор + три тарифа + преимущества + процесс + кейсы/фото + отзывы + FAQ + CTA,Рассчитать стоимость; Заказать уборку; Получить КП (для B2B),"BreadcrumbList, FAQPage, ImageObject, LocalBusiness, Organization, Service","/klining-moskva, /czena-uborki, /posle-remonta, /myte-okon, /uborka-kvartiry, /kontakt",Высокий
https://your-domain.ru/klining-moskva-yuvao,Главная/Общее: клининг Москва,Лендинг (главная услуга),клининг москва ЮВАО,Транзакционный (заказ услуги),1200–1800 слов,Цены и что входит в услугу | Как проходит уборка: шаги и сроки | Оборудование и химия: безопасность | Почему выбирают нас (5–7 преимуществ) | Гарантии и контроль качества | Фото до/после (галерея) | Отзывы клиентов | Частые вопросы (FAQ) | Контакты и CTA «Заказать уборку»,Герой + быстрый калькулятор + три тарифа + преимущества + процесс + кейсы/фото + отзывы + FAQ + CTA,Рассчитать стоимость; Заказать уборку; Получить КП (для B2B),"BreadcrumbList, FAQPage, ImageObject, LocalBusiness, Organization, Service","/klining-moskva, /czena-uborki, /posle-remonta, /myte-okon, /uborka-kvartiry, /kontakt",Высокий
https://your-domain.ru/klining-moskva-yuao,Главная/Общее: клининг Москва,Лендинг (главная услуга),клининг москва ЮАО,Транзакционный (заказ услуги),1200–1800 слов,Цены и что входит в услугу | Как проходит уборка: шаги и сроки | Оборудование и химия: безопасность | Почему выбирают нас (5–7 преимуществ) | Гарантии и контроль качества | Фото до/после (галерея) | Отзывы клиентов | Частые вопросы (FAQ) | Контакты и CTA «Заказать уборку»,Герой + быстрый калькулятор + три тарифа + преимущества + процесс + кейсы/фото + отзывы + FAQ + CTA,Рассчитать стоимость; Заказать уборку; Получить КП (для B2B),"BreadcrumbList, FAQPage, ImageObject, LocalBusiness, Organization, Service","/klining-moskva, /czena-uborki, /posle-remonta, /myte-okon, /uborka-kvartiry, /kontakt",Высокий
https://your-domain.ru/klining-moskva-yuzao,Главная/Общее: клининг Москва,Лендинг (главная услуга),клининг москва ЮЗАО,Транзакционный (заказ услуги),1200–1800 слов,Цены и что входит в услугу | Как проходит уборка: шаги и сроки | Оборудование и химия: безопасность | Почему выбирают нас (5–7 преимуществ) | Гарантии и контроль качества | Фото до/после (галерея) | Отзывы клиентов | Частые вопросы (FAQ) | Контакты и CTA «Заказать уборку»,Герой + быстрый калькулятор + три тарифа + преимущества + процесс + кейсы/фото + отзывы + FAQ + CTA,Рассчитать стоимость; Заказать уборку; Получить КП (для B2B),"BreadcrumbList, FAQPage, ImageObject, LocalBusiness, Organization, Service","/klining-moskva, /czena-uborki, /posle-remonta, /myte-okon, /uborka-kvartiry, /kontakt",Высокий
https://your-domain.ru/klining-moskva-zao,Главная/Общее: клининг Москва,Лендинг (главная услуга),клининг москва ЗАО,Транзакционный (заказ услуги),1200–1800 слов,Цены и что входит в услугу | Как проходит уборка: шаги и сроки | Оборудование и химия: безопасность | Почему выбирают нас (5–7 преимуществ) | Гарантии и контроль качества | Фото до/после (галерея) | Отзывы клиентов | Частые вопросы (FAQ) | Контакты и CTA «Заказать уборку»,Герой + быстрый калькулятор + три тарифа + преимущества + процесс + кейсы/фото + отзывы + FAQ + CTA,Рассчитать стоимость; Заказать уборку; Получить КП (для B2B),"BreadcrumbList, FAQPage, ImageObject, LocalBusiness, Organization, Service","/klining-moskva, /czena-uborki, /posle-remonta, /myte-okon, /uborka-kvartiry, /kontakt",Высокий
https://your-domain.ru/klining-moskva-szao,Главная/Общее: клининг Москва,Лендинг (главная услуга),клининг москва СЗАО,Транзакционный (заказ услуги),1200–1800 слов,Цены и что входит в услугу | Как проходит уборка: шаги и сроки | Оборудование и химия: безопасность | Почему выбирают нас (5–7 преимуществ) | Гарантии и контроль качества | Фото до/после (галерея) | Отзывы клиентов | Частые вопросы (FAQ) | Контакты и CTA «Заказать уборку»,Герой + быстрый калькулятор + три тарифа + преимущества + процесс + кейсы/фото + отзывы + FAQ + CTA,Рассчитать стоимость; Заказать уборку; Получить КП (для B2B),"BreadcrumbList, FAQPage, ImageObject, LocalBusiness, Organization, Service","/klining-moskva, /czena-uborki, /posle-remonta, /myte-okon, /uborka-kvartiry, /kontakt",Высокий
https://your-domain.ru/klining-zakazat-moskva,Прочее,Лендинг услуги,клининг заказать москва,Транзакционный (заказ услуги),900–1400 слов,Цены и что входит в услугу | Как проходит уборка: шаги и сроки | Оборудование и химия: безопасность | Почему выбирают нас (5–7 преимуществ) | Гарантии и контроль качества | Фото до/после (галерея) | Отзывы клиентов | Частые вопросы (FAQ) | Контакты и CTA «Заказать уборку»,Герой + быстрый калькулятор + три тарифа + преимущества + процесс + кейсы/фото + отзывы + FAQ + CTA,Рассчитать стоимость; Заказать уборку; Получить КП (для B2B),"BreadcrumbList, FAQPage, ImageObject, LocalBusiness, Organization, Service","/klining-moskva, /czena-uborki, /posle-remonta, /myte-okon, /uborka-kvartiry, /kontakt",Средний
https://your-domain.ru/klining-nedorogo-moskva,Прочее,Лендинг услуги,клининг недорого москва,Транзакционный (заказ услуги),900–1400 слов,Цены и что входит в услугу | Как проходит уборка: шаги и сроки | Оборудование и химия: безопасность | Почему выбирают нас (5–7 преимуществ) | Гарантии и контроль качества | Фото до/после (галерея) | Отзывы клиентов | Частые вопросы (FAQ) | Контакты и CTA «Заказать уборку»,Герой + быстрый калькулятор + три тарифа + преимущества + процесс + кейсы/фото + отзывы + FAQ + CTA,Рассчитать стоимость; Заказать уборку; Получить КП (для B2B),"BreadcrumbList, FAQPage, ImageObject, LocalBusiness, Organization, Service","/klining-moskva, /czena-uborki, /posle-remonta, /myte-okon, /uborka-kvartiry, /kontakt",Средний
https://your-domain.ru/klining-srochno-moskva,Прочее,Лендинг услуги,клининг срочно москва,Транзакционный (заказ услуги),900–1400 слов,Цены и что входит в услугу | Как проходит уборка: шаги и сроки | Оборудование и химия: безопасность | Почему выбирают нас (5–7 преимуществ) | Гарантии и контроль качества | Фото до/после (галерея) | Отзывы клиентов | Частые вопросы (FAQ) | Контакты и CTA «Заказать уборку»,Герой + быстрый калькулятор + три тарифа + преимущества + процесс + кейсы/фото + отзывы + FAQ + CTA,Рассчитать стоимость; Заказать уборку; Получить КП (для B2B),"BreadcrumbList, FAQPage, ImageObject, LocalBusiness, Organization, Service","/klining-moskva, /czena-uborki, /posle-remonta, /myte-okon, /uborka-kvartiry, /kontakt",Средний
https://your-domain.ru/klining-24-7-moskva,Прочее,Лендинг услуги,клининг 24/7 москва,Транзакционный (заказ услуги),900–1400 слов,Цены и что входит в услугу | Как проходит уборка: шаги и сроки | Оборудование и химия: безопасность | Почему выбирают нас (5–7 преимуществ) | Гарантии и контроль качества | Фото до/после (галерея) | Отзывы клиентов | Частые вопросы (FAQ) | Контакты и CTA «Заказать уборку»,Герой + быстрый калькулятор + три тарифа + преимущества + процесс + кейсы/фото + отзывы + FAQ + CTA,Рассчитать стоимость; Заказать уборку; Получить КП (для B2B),"BreadcrumbList, FAQPage, ImageObject, LocalBusiness, Organization, Service","/klining-moskva, /czena-uborki, /posle-remonta, /myte-okon, /uborka-kvartiry, /kontakt",Средний
https://your-domain.ru/klining-cena-moskva,Цены и калькулятор,Цены и калькулятор,клининг цена москва,Коммерческий (цены/сравнение),1000–1500 слов,Онлайн-калькулятор стоимости | Тарифы и скидки | Что влияет на цену | Что входит/не входит | Примеры смет | FAQ по оплате и гарантиям | CTA: «Рассчитать стоимость»,Герой + быстрый калькулятор + три тарифа + преимущества + процесс + кейсы/фото + отзывы + FAQ + CTA,Рассчитать стоимость; Заказать уборку; Получить КП (для B2B),"BreadcrumbList, FAQPage, ImageObject, LocalBusiness, Offer, Organization, Product","/klining-moskva, /czena-uborki, /posle-remonta, /myte-okon, /uborka-kvartiry, /kontakt",Высокий
https://your-domain.ru/klining-stoimost-moskva,Цены и калькулятор,Цены и калькулятор,клининг стоимость москва,Коммерческий (цены/сравнение),1000–1500 слов,Онлайн-калькулятор стоимости | Тарифы и скидки | Что влияет на цену | Что входит/не входит | Примеры смет | FAQ по оплате и гарантиям | CTA: «Рассчитать стоимость»,Герой + быстрый калькулятор + три тарифа + преимущества + процесс + кейсы/фото + отзывы + FAQ + CTA,Рассчитать стоимость; Заказать уборку; Получить КП (для B2B),"BreadcrumbList, FAQPage, ImageObject, LocalBusiness, Offer, Organization, Product","/klining-moskva, /czena-uborki, /posle-remonta, /myte-okon, /uborka-kvartiry, /kontakt",Высокий
https://your-domain.ru/uborka-kvartiry-cena-moskva,Цены и калькулятор,Цены и калькулятор,уборка квартиры цена москва,Коммерческий (цены/сравнение),1000–1500 слов,Онлайн-калькулятор стоимости | Тарифы и скидки | Что влияет на цену | Что входит/не входит | Примеры смет | FAQ по оплате и гарантиям | CTA: «Рассчитать стоимость»,Герой + быстрый калькулятор + три тарифа + преимущества + процесс + кейсы/фото + отзывы + FAQ + CTA,Рассчитать стоимость; Заказать уборку; Получить КП (для B2B),"BreadcrumbList, FAQPage, ImageObject, LocalBusiness, Offer, Organization, Product","/klining-moskva, /czena-uborki, /posle-remonta, /myte-okon, /uborka-kvartiry, /kontakt",Высокий
https://your-domain.ru/uborka-ofisov-cena-moskva,Цены и калькулятор,Цены и калькулятор,уборка офисов цена москва,Коммерческий (цены/сравнение),1000–1500 слов,Онлайн-калькулятор стоимости | Тарифы и скидки | Что влияет на цену | Что входит/не входит | Примеры смет | FAQ по оплате и гарантиям | CTA: «Рассчитать стоимость»,Герой + быстрый калькулятор + три тарифа + преимущества + процесс + кейсы/фото + отзывы + FAQ + CTA,Рассчитать стоимость; Заказать уборку; Получить КП (для B2B),"BreadcrumbList, FAQPage, ImageObject, LocalBusiness, Offer, Organization, Product","/klining-moskva, /czena-uborki, /posle-remonta, /myte-okon, /uborka-kvartiry, /kontakt",Высокий
https://your-domain.ru/moyka-okon-cena-moskva,Цены и калькулятор,Цены и калькулятор,мойка окон цена москва,Коммерческий (цены/сравнение),1000–1500 слов,Онлайн-калькулятор стоимости | Тарифы и скидки | Что влияет на цену | Что входит/не входит | Примеры смет | FAQ по оплате и гарантиям | CTA: «Рассчитать стоимость»,Герой + быстрый калькулятор + три тарифа + преимущества + процесс + кейсы/фото + отзывы + FAQ + CTA,Рассчитать стоимость; Заказать уборку; Получить КП (для B2B),"BreadcrumbList, FAQPage, ImageObject, LocalBusiness, Offer, Organization, Product","/klining-moskva, /czena-uborki, /posle-remonta, /myte-okon, /uborka-kvartiry, /kontakt",Высокий
https://your-domain.ru/uborka-cena-za-chas-moskva,Цены и калькулятор,Цены и калькулятор,уборка цена за час москва,Коммерческий (цены/сравнение),1000–1500 слов,Онлайн-калькулятор стоимости | Тарифы и скидки | Что влияет на цену | Что входит/не входит | Примеры смет | FAQ по оплате и гарантиям | CTA: «Рассчитать стоимость»,Герой + быстрый калькулятор + три тарифа + преимущества + процесс + кейсы/фото + отзывы + FAQ + CTA,Рассчитать стоимость; Заказать уборку; Получить КП (для B2B),"BreadcrumbList, FAQPage, ImageObject, LocalBusiness, Offer, Organization, Product","/klining-moskva, /czena-uborki, /posle-remonta, /myte-okon, /uborka-kvartiry, /kontakt",Высокий
https://your-domain.ru/uborka-stoimost-za-m2-moskva,Цены и калькулятор,Цены и калькулятор,уборка стоимость за м2 москва,Коммерческий (цены/сравнение),1000–1500 слов,Онлайн-калькулятор стоимости | Тарифы и скидки | Что влияет на цену | Что входит/не входит | Примеры смет | FAQ по оплате и гарантиям | CTA: «Рассчитать стоимость»,Герой + быстрый калькулятор + три тарифа + преимущества + процесс + кейсы/фото + отзывы + FAQ + CTA,Рассчитать стоимость; Заказать уборку; Получить КП (для B2B),"BreadcrumbList, FAQPage, ImageObject, LocalBusiness, Offer, Organization, Product","/klining-moskva, /czena-uborki, /posle-remonta, /myte-okon, /uborka-kvartiry, /kontakt",Высокий
https://your-domain.ru/besplatnyy-vyezd-ocenschika-moskva,Цены и калькулятор,Цены и калькулятор,бесплатный выезд оценщика москва,Коммерческий (цены/сравнение),1000–1500 слов,Онлайн-калькулятор стоимости | Тарифы и скидки | Что влияет на цену | Что входит/не входит | Примеры смет | FAQ по оплате и гарантиям | CTA: «Рассчитать стоимость»,Герой + быстрый калькулятор + три тарифа + преимущества + процесс + кейсы/фото + отзывы + FAQ + CTA,Рассчитать стоимость; Заказать уборку; Получить КП (для B2B),"BreadcrumbList, FAQPage, ImageObject, LocalBusiness, Offer, Organization, Product","/klining-moskva, /czena-uborki, /posle-remonta, /myte-okon, /uborka-kvartiry, /kontakt",Высокий
https://your-domain.ru/raschet-stoimosti-uborki-moskva,Цены и калькулятор,Цены и калькулятор,расчет стоимости уборки москва,Коммерческий (цены/сравнение),1000–1500 слов,Онлайн-калькулятор стоимости | Тарифы и скидки | Что влияет на цену | Что входит/не входит | Примеры смет | FAQ по оплате и гарантиям | CTA: «Рассчитать стоимость»,Герой + быстрый калькулятор + три тарифа + преимущества + процесс + кейсы/фото + отзывы + FAQ + CTA,Рассчитать стоимость; Заказать уборку; Получить КП (для B2B),"BreadcrumbList, FAQPage, ImageObject, LocalBusiness, Offer, Organization, Product","/klining-moskva, /czena-uborki, /posle-remonta, /myte-okon, /uborka-kvartiry, /kontakt",Высокий
https://your-domain.ru/klining-s-vyezdom-moskva,Дома/Коттеджи: общая,Лендинг услуги,клининг с выездом москва,Транзакционный (заказ услуги),900–1400 слов,Цены и что входит в услугу | Как проходит уборка: шаги и сроки | Оборудование и химия: безопасность | Почему выбирают нас (5–7 преимуществ) | Гарантии и контроль качества | Фото до/после (галерея) | Отзывы клиентов | Частые вопросы (FAQ) | Контакты и CTA «Заказать уборку»,Герой + быстрый калькулятор + три тарифа + преимущества + процесс + кейсы/фото + отзывы + FAQ + CTA,Рассчитать стоимость; Заказать уборку; Получить КП (для B2B),"BreadcrumbList, FAQPage, ImageObject, LocalBusiness, Organization, Service","/klining-moskva, /czena-uborki, /posle-remonta, /myte-okon, /uborka-kvartiry, /kontakt",Средний
https://your-domain.ru/uborka-doma-moskva,Дома/Коттеджи: общая,Лендинг услуги,уборка дома москва,Транзакционный (заказ услуги),900–1400 слов,Цены и что входит в услугу | Как проходит уборка: шаги и сроки | Оборудование и химия: безопасность | Почему выбирают нас (5–7 преимуществ) | Гарантии и контроль качества | Фото до/после (галерея) | Отзывы клиентов | Частые вопросы (FAQ) | Контакты и CTA «Заказать уборку»,Герой + быстрый калькулятор + три тарифа + преимущества + процесс + кейсы/фото + отзывы + FAQ + CTA,Рассчитать стоимость; Заказать уборку; Получить КП (для B2B),"BreadcrumbList, FAQPage, ImageObject, LocalBusiness, Organization, Service","/klining-moskva, /czena-uborki, /posle-remonta, /myte-okon, /uborka-kvartiry, /kontakt",Средний
https://your-domain.ru/uborka-kottedzha-moskva,Дома/Коттеджи: общая,Лендинг услуги,уборка коттеджа москва,Транзакционный (заказ услуги),900–1400 слов,Цены и что входит в услугу | Как проходит уборка: шаги и сроки | Оборудование и химия: безопасность | Почему выбирают нас (5–7 преимуществ) | Гарантии и контроль качества | Фото до/после (галерея) | Отзывы клиентов | Частые вопросы (FAQ) | Контакты и CTA «Заказать уборку»,Герой + быстрый калькулятор + три тарифа + преимущества + процесс + кейсы/фото + отзывы + FAQ + CTA,Рассчитать стоимость; Заказать уборку; Получить КП (для B2B),"BreadcrumbList, FAQPage, ImageObject, LocalBusiness, Organization, Service","/klining-moskva, /czena-uborki, /posle-remonta, /myte-okon, /uborka-kvartiry, /kontakt",Средний
https://your-domain.ru/uborka-taunhausa-moskva,Дома/Коттеджи: общая,Лендинг услуги,уборка таунхауса москва,Транзакционный (заказ услуги),900–1400 слов,Цены и что входит в услугу | Как проходит уборка: шаги и сроки | Оборудование и химия: безопасность | Почему выбирают нас (5–7 преимуществ) | Гарантии и контроль качества | Фото до/после (галерея) | Отзывы клиентов | Частые вопросы (FAQ) | Контакты и CTA «Заказать уборку»,Герой + быстрый калькулятор + три тарифа + преимущества + процесс + кейсы/фото + отзывы + FAQ + CTA,Рассчитать стоимость; Заказать уборку; Получить КП (для B2B),"BreadcrumbList, FAQPage, ImageObject, LocalBusiness, Organization, Service","/klining-moskva, /czena-uborki, /posle-remonta, /myte-okon, /uborka-kvartiry, /kontakt",Средний
https://your-domain.ru/uborka-dachi-moskva,Дома/Коттеджи: общая,Лендинг услуги,уборка дачи москва,Транзакционный (заказ услуги),900–1400 слов,Цены и что входит в услугу | Как проходит уборка: шаги и сроки | Оборудование и химия: безопасность | Почему выбирают нас (5–7 преимуществ) | Гарантии и контроль качества | Фото до/после (галерея) | Отзывы клиентов | Частые вопросы (FAQ) | Контакты и CTA «Заказать уборку»,Герой + быстрый калькулятор + три тарифа + преимущества + процесс + кейсы/фото + отзывы + FAQ + CTA,Рассчитать стоимость; Заказать уборку; Получить КП (для B2B),"BreadcrumbList, FAQPage, ImageObject, LocalBusiness, Organization, Service","/klining-moskva, /czena-uborki, /posle-remonta, /myte-okon, /uborka-kvartiry, /kontakt",Средний
https://your-domain.ru/poslesdachnaya-uborka-moskva,Дома/Коттеджи: общая,Лендинг услуги,послесдачная уборка москва,Транзакционный (заказ услуги),900–1400 слов,Цены и что входит в услугу | Как проходит уборка: шаги и сроки | Оборудование и химия: безопасность | Почему выбирают нас (5–7 преимуществ) | Гарантии и контроль качества | Фото до/после (галерея) | Отзывы клиентов | Частые вопросы (FAQ) | Контакты и CTA «Заказать уборку»,Герой + быстрый калькулятор + три тарифа + преимущества + процесс + кейсы/фото + отзывы + FAQ + CTA,Рассчитать стоимость; Заказать уборку; Получить КП (для B2B),"BreadcrumbList, FAQPage, ImageObject, LocalBusiness, Organization, Service","/klining-moskva, /czena-uborki, /posle-remonta, /myte-okon, /uborka-kvartiry, /kontakt",Средний
https://your-domain.ru/uborka-posle-domashnih-zhivotnyh-moskva,Дома/Коттеджи: общая,Лендинг услуги,уборка после домашних животных москва,Транзакционный (заказ услуги),900–1400 слов,Цены и что входит в услугу | Как проходит уборка: шаги и сроки | Оборудование и химия: безопасность | Почему выбирают нас (5–7 преимуществ) | Гарантии и контроль качества | Фото до/после (галерея) | Отзывы клиентов | Частые вопросы (FAQ) | Контакты и CTA «Заказать уборку»,Герой + быстрый калькулятор + три тарифа + преимущества + процесс + кейсы/фото + отзывы + FAQ + CTA,Рассчитать стоимость; Заказать уборку; Получить КП (для B2B),"BreadcrumbList, FAQPage, ImageObject, LocalBusiness, Organization, Service","/klining-moskva, /czena-uborki, /posle-remonta, /myte-okon, /uborka-kvartiry, /kontakt",Средний
https://your-domain.ru/uborka-kvartiry-moskva,Квартиры: общая,Лендинг услуги,уборка квартиры москва,Транзакционный (заказ услуги),1200–1800 слов,Цены и что входит в услугу | Как проходит уборка: шаги и сроки | Оборудование и химия: безопасность | Почему выбирают нас (5–7 преимуществ) | Гарантии и контроль качества | Фото до/после (галерея) | Отзывы клиентов | Частые вопросы (FAQ) | Контакты и CTA «Заказать уборку»,Герой + быстрый калькулятор + три тарифа + преимущества + процесс + кейсы/фото + отзывы + FAQ + CTA,Рассчитать стоимость; Заказать уборку; Получить КП (для B2B),"BreadcrumbList, FAQPage, ImageObject, LocalBusiness, Organization, Service","/klining-moskva, /czena-uborki, /posle-remonta, /myte-okon, /uborka-kvartiry, /kontakt",Высокий
https://your-domain.ru/uborka-odnushki-moskva,Квартиры: общая,Лендинг услуги,уборка однушки москва,Транзакционный (заказ услуги),1200–1800 слов,Цены и что входит в услугу | Как проходит уборка: шаги и сроки | Оборудование и химия: безопасность | Почему выбирают нас (5–7 преимуществ) | Гарантии и контроль качества | Фото до/после (галерея) | Отзывы клиентов | Частые вопросы (FAQ) | Контакты и CTA «Заказать уборку»,Герой + быстрый калькулятор + три тарифа + преимущества + процесс + кейсы/фото + отзывы + FAQ + CTA,Рассчитать стоимость; Заказать уборку; Получить КП (для B2B),"BreadcrumbList, FAQPage, ImageObject, LocalBusiness, Organization, Service","/klining-moskva, /czena-uborki, /posle-remonta, /myte-okon, /uborka-kvartiry, /kontakt",Высокий
https://your-domain.ru/uborka-dvushki-moskva,Квартиры: общая,Лендинг услуги,уборка двушки москва,Транзакционный (заказ услуги),1200–1800 слов,Цены и что входит в услугу | Как проходит уборка: шаги и сроки | Оборудование и химия: безопасность | Почему выбирают нас (5–7 преимуществ) | Гарантии и контроль качества | Фото до/после (галерея) | Отзывы клиентов | Частые вопросы (FAQ) | Контакты и CTA «Заказать уборку»,Герой + быстрый калькулятор + три тарифа + преимущества + процесс + кейсы/фото + отзывы + FAQ + CTA,Рассчитать стоимость; Заказать уборку; Получить КП (для B2B),"BreadcrumbList, FAQPage, ImageObject, LocalBusiness, Organization, Service","/klining-moskva, /czena-uborki, /posle-remonta, /myte-okon, /uborka-kvartiry, /kontakt",Высокий
https://your-domain.ru/uborka-trehkomnatnoy-kvartiry-moskva,Квартиры: общая,Лендинг услуги,уборка трехкомнатной квартиры москва,Транзакционный (заказ услуги),1200–1800 слов,Цены и что входит в услугу | Как проходит уборка: шаги и сроки | Оборудование и химия: безопасность | Почему выбирают нас (5–7 преимуществ) | Гарантии и контроль качества | Фото до/после (галерея) | Отзывы клиентов | Частые вопросы (FAQ) | Контакты и CTA «Заказать уборку»,Герой + быстрый калькулятор + три тарифа + преимущества + процесс + кейсы/фото + отзывы + FAQ + CTA,Рассчитать стоимость; Заказать уборку; Получить КП (для B2B),"BreadcrumbList, FAQPage, ImageObject, LocalBusiness, Organization, Service","/klining-moskva, /czena-uborki, /posle-remonta, /myte-okon, /uborka-kvartiry, /kontakt",Высокий
https://your-domain.ru/dezinfekciya-kvartiry-moskva,Квартиры: общая,Лендинг услуги,дезинфекция квартиры москва,Транзакционный (заказ услуги),1200–1800 слов,Цены и что входит в услугу | Как проходит уборка: шаги и сроки | Оборудование и химия: безопасность | Почему выбирают нас (5–7 преимуществ) | Гарантии и контроль качества | Фото до/после (галерея) | Отзывы клиентов | Частые вопросы (FAQ) | Контакты и CTA «Заказать уборку»,Герой + быстрый калькулятор + три тарифа + преимущества + процесс + кейсы/фото + отзывы + FAQ + CTA,Рассчитать стоимость; Заказать уборку; Получить КП (для B2B),"BreadcrumbList, FAQPage, ImageObject, LocalBusiness, Organization, Service","/klining-moskva, /czena-uborki, /posle-remonta, /myte-okon, /uborka-kvartiry, /kontakt",Высокий
https://your-domain.ru/uborka-pered-sdachey-kvartiry-moskva,Квартиры: общая,Лендинг услуги,уборка перед сдачей квартиры москва,Транзакционный (заказ услуги),1200–1800 слов,Цены и что входит в услугу | Как проходит уборка: шаги и сроки | Оборудование и химия: безопасность | Почему выбирают нас (5–7 преимуществ) | Гарантии и контроль качества | Фото до/после (галерея) | Отзывы клиентов | Частые вопросы (FAQ) | Контакты и CTA «Заказать уборку»,Герой + быстрый калькулятор + три тарифа + преимущества + процесс + кейсы/фото + отзывы + FAQ + CTA,Рассчитать стоимость; Заказать уборку; Получить КП (для B2B),"BreadcrumbList, FAQPage, ImageObject, LocalBusiness, Organization, Service","/klining-moskva, /czena-uborki, /posle-remonta, /myte-okon, /uborka-kvartiry, /kontakt",Высокий
https://your-domain.ru/uborka-kvartiry-posle-remonta-moskva,Квартиры: после ремонта,Лендинг услуги,уборка квартиры после ремонта москва,Транзакционный (заказ услуги),1200–1800 слов,Цены и что входит в услугу | Этапы послестроительной уборки | Как проходит уборка: шаги и сроки | Оборудование и химия: безопасность | Почему выбирают нас (5–7 преимуществ) | Гарантии и контроль качества | Фото до/после (галерея) | Отзывы клиентов | Частые вопросы (FAQ) | Контакты и CTA «Заказать уборку»,Герой + быстрый калькулятор + три тарифа + преимущества + процесс + кейсы/фото + отзывы + FAQ + CTA,Рассчитать стоимость; Заказать уборку; Получить КП (для B2B),"BreadcrumbList, FAQPage, ImageObject, LocalBusiness, Organization, Service","/klining-moskva, /czena-uborki, /posle-remonta, /myte-okon, /uborka-kvartiry, /kontakt",Высокий
https://your-domain.ru/generalnaya-uborka-kvartiry-moskva,Квартиры: генеральная,Лендинг услуги,генеральная уборка квартиры москва,Транзакционный (заказ услуги),900–1400 слов,Цены и что входит в услугу | Как проходит уборка: шаги и сроки | Оборудование и химия: безопасность | Почему выбирают нас (5–7 преимуществ) | Гарантии и контроль качества | Фото до/после (галерея) | Отзывы клиентов | Частые вопросы (FAQ) | Контакты и CTA «Заказать уборку»,Герой + быстрый калькулятор + три тарифа + преимущества + процесс + кейсы/фото + отзывы + FAQ + CTA,Рассчитать стоимость; Заказать уборку; Получить КП (для B2B),"BreadcrumbList, FAQPage, ImageObject, LocalBusiness, Organization, Service","/klining-moskva, /czena-uborki, /posle-remonta, /myte-okon, /uborka-kvartiry, /kontakt",Средний
https://your-domain.ru/podderzhivayuschaya-uborka-kvartiry-moskva,Квартиры: регулярная,Лендинг услуги,поддерживающая уборка квартиры москва,Транзакционный (заказ услуги),900–1400 слов,Цены и что входит в услугу | Как проходит уборка: шаги и сроки | Оборудование и химия: безопасность | Почему выбирают нас (5–7 преимуществ) | Гарантии и контроль качества | Фото до/после (галерея) | Отзывы клиентов | Частые вопросы (FAQ) | Контакты и CTA «Заказать уборку»,Герой + быстрый калькулятор + три тарифа + преимущества + процесс + кейсы/фото + отзывы + FAQ + CTA,Рассчитать стоимость; Заказать уборку; Получить КП (для B2B),"BreadcrumbList, FAQPage, ImageObject, LocalBusiness, Organization, Service","/klining-moskva, /czena-uborki, /posle-remonta, /myte-okon, /uborka-kvartiry, /kontakt",Средний
https://your-domain.ru/razovaya-uborka-kvartiry-moskva,Квартиры: разовая/почасовая,Лендинг услуги,разовая уборка квартиры москва,Транзакционный (заказ услуги),900–1400 слов,Цены и что входит в услугу | Как проходит уборка: шаги и сроки | Оборудование и химия: безопасность | Почему выбирают нас (5–7 преимуществ) | Гарантии и контроль качества | Фото до/после (галерея) | Отзывы клиентов | Частые вопросы (FAQ) | Контакты и CTA «Заказать уборку»,Герой + быстрый калькулятор + три тарифа + преимущества + процесс + кейсы/фото + отзывы + FAQ + CTA,Рассчитать стоимость; Заказать уборку; Получить КП (для B2B),"BreadcrumbList, FAQPage, ImageObject, LocalBusiness, Organization, Service","/klining-moskva, /czena-uborki, /posle-remonta, /myte-okon, /uborka-kvartiry, /kontakt",Средний
https://your-domain.ru/pochasovaya-uborka-kvartiry-moskva,Квартиры: разовая/почасовая,Лендинг услуги,почасовая уборка квартиры москва,Транзакционный (заказ услуги),900–1400 слов,Цены и что входит в услугу | Как проходит уборка: шаги и сроки | Оборудование и химия: безопасность | Почему выбирают нас (5–7 преимуществ) | Гарантии и контроль качества | Фото до/после (галерея) | Отзывы клиентов | Частые вопросы (FAQ) | Контакты и CTA «Заказать уборку»,Герой + быстрый калькулятор + три тарифа + преимущества + процесс + кейсы/фото + отзывы + FAQ + CTA,Рассчитать стоимость; Заказать уборку; Получить КП (для B2B),"BreadcrumbList, FAQPage, ImageObject, LocalBusiness, Organization, Service","/klining-moskva, /czena-uborki, /posle-remonta, /myte-okon, /uborka-kvartiry, /kontakt",Средний
https://your-domain.ru/generalnaya-uborka-doma-moskva,Дома/Коттеджи: генеральная,Лендинг услуги,генеральная уборка дома москва,Транзакционный (заказ услуги),900–1400 слов,Цены и что входит в услугу | Как проходит уборка: шаги и сроки | Оборудование и химия: безопасность | Почему выбирают нас (5–7 преимуществ) | Гарантии и контроль качества | Фото до/после (галерея) | Отзывы клиентов | Частые вопросы (FAQ) | Контакты и CTA «Заказать уборку»,Герой + быстрый калькулятор + три тарифа + преимущества + процесс + кейсы/фото + отзывы + FAQ + CTA,Рассчитать стоимость; Заказать уборку; Получить КП (для B2B),"BreadcrumbList, FAQPage, ImageObject, LocalBusiness, Organization, Service","/klining-moskva, /czena-uborki, /posle-remonta, /myte-okon, /uborka-kvartiry, /kontakt",Средний
https://your-domain.ru/uborka-ofisa-moskva,B2B: офисы и бизнес-центры,Лендинг B2B,уборка офиса москва,Транзакционный B2B,1200–1800 слов,"Цены и что входит в услугу | Графики и SLA для офисов | Документы, допуски, договор, НДС | Как проходит уборка: шаги и сроки | Оборудование и химия: безопасность | Почему выбирают нас (5–7 преимуществ) | Гарантии и контроль качества | Фото до/после (галерея) | Отзывы клиентов | Частые вопросы (FAQ) | Контакты и CTA «Заказать уборку»",Герой + быстрый калькулятор + три тарифа + преимущества + процесс + кейсы/фото + отзывы + FAQ + CTA,Рассчитать стоимость; Заказать уборку; Получить КП (для B2B),"BreadcrumbList, FAQPage, ImageObject, LocalBusiness, Organization, Service","/klining-moskva, /czena-uborki, /posle-remonta, /myte-okon, /uborka-kvartiry, /kontakt",Высокий
https://your-domain.ru/ezhednevnaya-uborka-ofisa-moskva,B2B: офисы и бизнес-центры,Лендинг B2B,ежедневная уборка офиса москва,Транзакционный B2B,1200–1800 слов,"Цены и что входит в услугу | Графики и SLA для офисов | Документы, допуски, договор, НДС | Как проходит уборка: шаги и сроки | Оборудование и химия: безопасность | Почему выбирают нас (5–7 преимуществ) | Гарантии и контроль качества | Фото до/после (галерея) | Отзывы клиентов | Частые вопросы (FAQ) | Контакты и CTA «Заказать уборку»",Герой + быстрый калькулятор + три тарифа + преимущества + процесс + кейсы/фото + отзывы + FAQ + CTA,Рассчитать стоимость; Заказать уборку; Получить КП (для B2B),"BreadcrumbList, FAQPage, ImageObject, LocalBusiness, Organization, Service","/klining-moskva, /czena-uborki, /posle-remonta, /myte-okon, /uborka-kvartiry, /kontakt",Высокий
https://your-domain.ru/klining-biznes-centrov-moskva,B2B: офисы и бизнес-центры,Лендинг B2B,клининг бизнес центров москва,Транзакционный B2B,1200–1800 слов,"Цены и что входит в услугу | Графики и SLA для офисов | Документы, допуски, договор, НДС | Как проходит уборка: шаги и сроки | Оборудование и химия: безопасность | Почему выбирают нас (5–7 преимуществ) | Гарантии и контроль качества | Фото до/после (галерея) | Отзывы клиентов | Частые вопросы (FAQ) | Контакты и CTA «Заказать уборку»",Герой + быстрый калькулятор + три тарифа + преимущества + процесс + кейсы/фото + отзывы + FAQ + CTA,Рассчитать стоимость; Заказать уборку; Получить КП (для B2B),"BreadcrumbList, FAQPage, ImageObject, LocalBusiness, Organization, Service","/klining-moskva, /czena-uborki, /posle-remonta, /myte-okon, /uborka-kvartiry, /kontakt",Высокий
https://your-domain.ru/uborka-posle-pereezda-ofis-moskva,B2B: офисы и бизнес-центры,Лендинг B2B,уборка после переезда офис москва,Транзакционный B2B,1200–1800 слов,"Цены и что входит в услугу | Графики и SLA для офисов | Документы, допуски, договор, НДС | Как проходит уборка: шаги и сроки | Оборудование и химия: безопасность | Почему выбирают нас (5–7 преимуществ) | Гарантии и контроль качества | Фото до/после (галерея) | Отзывы клиентов | Частые вопросы (FAQ) | Контакты и CTA «Заказать уборку»",Герой + быстрый калькулятор + три тарифа + преимущества + процесс + кейсы/фото + отзывы + FAQ + CTA,Рассчитать стоимость; Заказать уборку; Получить КП (для B2B),"BreadcrumbList, FAQPage, ImageObject, LocalBusiness, Organization, Service","/klining-moskva, /czena-uborki, /posle-remonta, /myte-okon, /uborka-kvartiry, /kontakt",Высокий
https://your-domain.ru/uborka-posle-remonta-moskva,Спецуборка: события,Лендинг услуги,уборка после ремонта москва,Транзакционный (заказ услуги),900–1400 слов,Цены и что входит в услугу | Этапы послестроительной уборки | Как проходит уборка: шаги и сроки | Оборудование и химия: безопасность | Почему выбирают нас (5–7 преимуществ) | Гарантии и контроль качества | Фото до/после (галерея) | Отзывы клиентов | Частые вопросы (FAQ) | Контакты и CTA «Заказать уборку»,Герой + быстрый калькулятор + три тарифа + преимущества + процесс + кейсы/фото + отзывы + FAQ + CTA,Рассчитать стоимость; Заказать уборку; Получить КП (для B2B),"BreadcrumbList, FAQPage, ImageObject, LocalBusiness, Organization, Service","/klining-moskva, /czena-uborki, /posle-remonta, /myte-okon, /uborka-kvartiry, /kontakt",Средний
https://your-domain.ru/uborka-posle-stroitelstva-moskva,Спецуборка: события,Лендинг услуги,уборка после строительства москва,Транзакционный (заказ услуги),900–1400 слов,Цены и что входит в услугу | Как проходит уборка: шаги и сроки | Оборудование и химия: безопасность | Почему выбирают нас (5–7 преимуществ) | Гарантии и контроль качества | Фото до/после (галерея) | Отзывы клиентов | Частые вопросы (FAQ) | Контакты и CTA «Заказать уборку»,Герой + быстрый калькулятор + три тарифа + преимущества + процесс + кейсы/фото + отзывы + FAQ + CTA,Рассчитать стоимость; Заказать уборку; Получить КП (для B2B),"BreadcrumbList, FAQPage, ImageObject, LocalBusiness, Organization, Service","/klining-moskva, /czena-uborki, /posle-remonta, /myte-okon, /uborka-kvartiry, /kontakt",Средний
https://your-domain.ru/uborka-posle-arendatorov-moskva,Спецуборка: события,Лендинг услуги,уборка после арендаторов москва,Транзакционный (заказ услуги),900–1400 слов,Цены и что входит в услугу | Как проходит уборка: шаги и сроки | Оборудование и химия: безопасность | Почему выбирают нас (5–7 преимуществ) | Гарантии и контроль качества | Фото до/после (галерея) | Отзывы клиентов | Частые вопросы (FAQ) | Контакты и CTA «Заказать уборку»,Герой + быстрый калькулятор + три тарифа + преимущества + процесс + кейсы/фото + отзывы + FAQ + CTA,Рассчитать стоимость; Заказать уборку; Получить КП (для B2B),"BreadcrumbList, FAQPage, ImageObject, LocalBusiness, Organization, Service","/klining-moskva, /czena-uborki, /posle-remonta, /myte-okon, /uborka-kvartiry, /kontakt",Средний
https://your-domain.ru/uborka-posle-meropriyatiya-moskva,Спецуборка: события,Лендинг услуги,уборка после мероприятия москва,Транзакционный (заказ услуги),900–1400 слов,Цены и что входит в услугу | Как проходит уборка: шаги и сроки | Оборудование и химия: безопасность | Почему выбирают нас (5–7 преимуществ) | Гарантии и контроль качества | Фото до/после (галерея) | Отзывы клиентов | Частые вопросы (FAQ) | Контакты и CTA «Заказать уборку»,Герой + быстрый калькулятор + три тарифа + преимущества + процесс + кейсы/фото + отзывы + FAQ + CTA,Рассчитать стоимость; Заказать уборку; Получить КП (для B2B),"BreadcrumbList, FAQPage, ImageObject, LocalBusiness, Organization, Service","/klining-moskva, /czena-uborki, /posle-remonta, /myte-okon, /uborka-kvartiry, /kontakt",Средний
https://your-domain.ru/vyvoz-musora-posle-remonta-moskva,Спецуборка: события,Лендинг услуги,вывоз мусора после ремонта москва,Транзакционный (заказ услуги),900–1400 слов,Цены и что входит в услугу | Этапы послестроительной уборки | Как проходит уборка: шаги и сроки | Оборудование и химия: безопасность | Почему выбирают нас (5–7 преимуществ) | Гарантии и контроль качества | Фото до/после (галерея) | Отзывы клиентов | Частые вопросы (FAQ) | Контакты и CTA «Заказать уборку»,Герой + быстрый калькулятор + три тарифа + преимущества + процесс + кейсы/фото + отзывы + FAQ + CTA,Рассчитать стоимость; Заказать уборку; Получить КП (для B2B),"BreadcrumbList, FAQPage, ImageObject, LocalBusiness, Organization, Service","/klining-moskva, /czena-uborki, /posle-remonta, /myte-okon, /uborka-kvartiry, /kontakt",Средний
https://your-domain.ru/predzaezdnaya-uborka-moskva,Спецуборка: события,Лендинг услуги,предзаездная уборка москва,Транзакционный (заказ услуги),900–1400 слов,Цены и что входит в услугу | Как проходит уборка: шаги и сроки | Оборудование и химия: безопасность | Почему выбирают нас (5–7 преимуществ) | Гарантии и контроль качества | Фото до/после (галерея) | Отзывы клиентов | Частые вопросы (FAQ) | Контакты и CTA «Заказать уборку»,Герой + быстрый калькулятор + три тарифа + преимущества + процесс + кейсы/фото + отзывы + FAQ + CTA,Рассчитать стоимость; Заказать уборку; Получить КП (для B2B),"BreadcrumbList, FAQPage, ImageObject, LocalBusiness, Organization, Service","/klining-moskva, /czena-uborki, /posle-remonta, /myte-okon, /uborka-kvartiry, /kontakt",Средний
https://your-domain.ru/poslezaezdnaya-uborka-moskva,Спецуборка: события,Лендинг услуги,послезаездная уборка москва,Транзакционный (заказ услуги),900–1400 слов,Цены и что входит в услугу | Как проходит уборка: шаги и сроки | Оборудование и химия: безопасность | Почему выбирают нас (5–7 преимуществ) | Гарантии и контроль качества | Фото до/после (галерея) | Отзывы клиентов | Частые вопросы (FAQ) | Контакты и CTA «Заказать уборку»,Герой + быстрый калькулятор + три тарифа + преимущества + процесс + кейсы/фото + отзывы + FAQ + CTA,Рассчитать стоимость; Заказать уборку; Получить КП (для B2B),"BreadcrumbList, FAQPage, ImageObject, LocalBusiness, Organization, Service","/klining-moskva, /czena-uborki, /posle-remonta, /myte-okon, /uborka-kvartiry, /kontakt",Средний
https://your-domain.ru/myte-okon-moskva,Мытьё окон и высотные работы,Лендинг услуги,мытье окон москва,Транзакционный (заказ услуги),1200–1800 слов,Цены и что входит в услугу | Техника безопасности и допуски | Методики мойки и доступ к фасадам | Как проходит уборка: шаги и сроки | Оборудование и химия: безопасность | Почему выбирают нас (5–7 преимуществ) | Гарантии и контроль качества | Фото до/после (галерея) | Отзывы клиентов | Частые вопросы (FAQ) | Контакты и CTA «Заказать уборку»,Герой + быстрый калькулятор + три тарифа + преимущества + процесс + кейсы/фото + отзывы + FAQ + CTA,Рассчитать стоимость; Заказать уборку; Получить КП (для B2B),"BreadcrumbList, FAQPage, ImageObject, LocalBusiness, Organization, Service","/klining-moskva, /czena-uborki, /posle-remonta, /myte-okon, /uborka-kvartiry, /kontakt",Высокий
https://your-domain.ru/moyka-vitrin-moskva,Мытьё окон и высотные работы,Лендинг услуги,мойка витрин москва,Транзакционный (заказ услуги),1200–1800 слов,Цены и что входит в услугу | Техника безопасности и допуски | Методики мойки и доступ к фасадам | Как проходит уборка: шаги и сроки | Оборудование и химия: безопасность | Почему выбирают нас (5–7 преимуществ) | Гарантии и контроль качества | Фото до/после (галерея) | Отзывы клиентов | Частые вопросы (FAQ) | Контакты и CTA «Заказать уборку»,Герой + быстрый калькулятор + три тарифа + преимущества + процесс + кейсы/фото + отзывы + FAQ + CTA,Рассчитать стоимость; Заказать уборку; Получить КП (для B2B),"BreadcrumbList, FAQPage, ImageObject, LocalBusiness, Organization, Service","/klining-moskva, /czena-uborki, /posle-remonta, /myte-okon, /uborka-kvartiry, /kontakt",Высокий
https://your-domain.ru/promyshlennyy-alpinizm-myte-okon-moskva,Мытьё окон и высотные работы,Лендинг услуги,промышленный альпинизм мытье окон москва,Транзакционный (заказ услуги),1200–1800 слов,Цены и что входит в услугу | Техника безопасности и допуски | Методики мойки и доступ к фасадам | Как проходит уборка: шаги и сроки | Оборудование и химия: безопасность | Почему выбирают нас (5–7 преимуществ) | Гарантии и контроль качества | Фото до/после (галерея) | Отзывы клиентов | Частые вопросы (FAQ) | Контакты и CTA «Заказать уборку»,Герой + быстрый калькулятор + три тарифа + преимущества + процесс + кейсы/фото + отзывы + FAQ + CTA,Рассчитать стоимость; Заказать уборку; Получить КП (для B2B),"BreadcrumbList, FAQPage, ImageObject, LocalBusiness, Organization, Service","/klining-moskva, /czena-uborki, /posle-remonta, /myte-okon, /uborka-kvartiry, /kontakt",Высокий
https://your-domain.ru/himchistka-mebeli-moskva,Химчистка и мягкая мебель,Категория + лендинги,химчистка мебели москва,Транзакционный (заказ услуги),900–1400 слов,Цены и что входит в услугу | Как проходит уборка: шаги и сроки | Оборудование и химия: безопасность | Почему выбирают нас (5–7 преимуществ) | Гарантии и контроль качества | Фото до/после (галерея) | Отзывы клиентов | Частые вопросы (FAQ) | Контакты и CTA «Заказать уборку»,Герой + быстрый калькулятор + три тарифа + преимущества + процесс + кейсы/фото + отзывы + FAQ + CTA,Рассчитать стоимость; Заказать уборку; Получить КП (для B2B),"BreadcrumbList, FAQPage, ImageObject, LocalBusiness, Organization, Service","/klining-moskva, /czena-uborki, /posle-remonta, /myte-okon, /uborka-kvartiry, /kontakt",Средний
https://your-domain.ru/himchistka-divana-moskva,Химчистка и мягкая мебель,Категория + лендинги,химчистка дивана москва,Транзакционный (заказ услуги),900–1400 слов,Цены и что входит в услугу | Как проходит уборка: шаги и сроки | Оборудование и химия: безопасность | Почему выбирают нас (5–7 преимуществ) | Гарантии и контроль качества | Фото до/после (галерея) | Отзывы клиентов | Частые вопросы (FAQ) | Контакты и CTA «Заказать уборку»,Герой + быстрый калькулятор + три тарифа + преимущества + процесс + кейсы/фото + отзывы + FAQ + CTA,Рассчитать стоимость; Заказать уборку; Получить КП (для B2B),"BreadcrumbList, FAQPage, ImageObject, LocalBusiness, Organization, Service","/klining-moskva, /czena-uborki, /posle-remonta, /myte-okon, /uborka-kvartiry, /kontakt",Средний
https://your-domain.ru/himchistka-kresla-moskva,Химчистка и мягкая мебель,Категория + лендинги,химчистка кресла москва,Транзакционный (заказ услуги),900–1400 слов,Цены и что входит в услугу | Как проходит уборка: шаги и сроки | Оборудование и химия: безопасность | Почему выбирают нас (5–7 преимуществ) | Гарантии и контроль качества | Фото до/после (галерея) | Отзывы клиентов | Частые вопросы (FAQ) | Контакты и CTA «Заказать уборку»,Герой + быстрый калькулятор + три тарифа + преимущества + процесс + кейсы/фото + отзывы + FAQ + CTA,Рассчитать стоимость; Заказать уборку; Получить КП (для B2B),"BreadcrumbList, FAQPage, ImageObject, LocalBusiness, Organization, Service","/klining-moskva, /czena-uborki, /posle-remonta, /myte-okon, /uborka-kvartiry, /kontakt",Средний
https://your-domain.ru/himchistka-stulev-moskva,Химчистка и мягкая мебель,Категория + лендинги,химчистка стульев москва,Транзакционный (заказ услуги),900–1400 слов,Цены и что входит в услугу | Как проходит уборка: шаги и сроки | Оборудование и химия: безопасность | Почему выбирают нас (5–7 преимуществ) | Гарантии и контроль качества | Фото до/после (галерея) | Отзывы клиентов | Частые вопросы (FAQ) | Контакты и CTA «Заказать уборку»,Герой + быстрый калькулятор + три тарифа + преимущества + процесс + кейсы/фото + отзывы + FAQ + CTA,Рассчитать стоимость; Заказать уборку; Получить КП (для B2B),"BreadcrumbList, FAQPage, ImageObject, LocalBusiness, Organization, Service","/klining-moskva, /czena-uborki, /posle-remonta, /myte-okon, /uborka-kvartiry, /kontakt",Средний
https://your-domain.ru/chistka-kovrov-moskva,Химчистка и мягкая мебель,Категория + лендинги,чистка ковров москва,Транзакционный (заказ услуги),900–1400 слов,Цены и что входит в услугу | Как проходит уборка: шаги и сроки | Оборудование и химия: безопасность | Почему выбирают нас (5–7 преимуществ) | Гарантии и контроль качества | Фото до/после (галерея) | Отзывы клиентов | Частые вопросы (FAQ) | Контакты и CTA «Заказать уборку»,Герой + быстрый калькулятор + три тарифа + преимущества + процесс + кейсы/фото + отзывы + FAQ + CTA,Рассчитать стоимость; Заказать уборку; Получить КП (для B2B),"BreadcrumbList, FAQPage, ImageObject, LocalBusiness, Organization, Service","/klining-moskva, /czena-uborki, /posle-remonta, /myte-okon, /uborka-kvartiry, /kontakt",Средний
https://your-domain.ru/himchistka-matrasa-moskva,Химчистка и мягкая мебель,Категория + лендинги,химчистка матраса москва,Транзакционный (заказ услуги),900–1400 слов,Цены и что входит в услугу | Как проходит уборка: шаги и сроки | Оборудование и химия: безопасность | Почему выбирают нас (5–7 преимуществ) | Гарантии и контроль качества | Фото до/после (галерея) | Отзывы клиентов | Частые вопросы (FAQ) | Контакты и CTA «Заказать уборку»,Герой + быстрый калькулятор + три тарифа + преимущества + процесс + кейсы/фото + отзывы + FAQ + CTA,Рассчитать стоимость; Заказать уборку; Получить КП (для B2B),"BreadcrumbList, FAQPage, ImageObject, LocalBusiness, Organization, Service","/klining-moskva, /czena-uborki, /posle-remonta, /myte-okon, /uborka-kvartiry, /kontakt",Средний
https://your-domain.ru/himchistka-shtor-moskva,Химчистка и мягкая мебель,Категория + лендинги,химчистка штор москва,Транзакционный (заказ услуги),900–1400 слов,Цены и что входит в услугу | Как проходит уборка: шаги и сроки | Оборудование и химия: безопасность | Почему выбирают нас (5–7 преимуществ) | Гарантии и контроль качества | Фото до/после (галерея) | Отзывы клиентов | Частые вопросы (FAQ) | Контакты и CTA «Заказать уборку»,Герой + быстрый калькулятор + три тарифа + преимущества + процесс + кейсы/фото + отзывы + FAQ + CTA,Рассчитать стоимость; Заказать уборку; Получить КП (для B2B),"BreadcrumbList, FAQPage, ImageObject, LocalBusiness, Organization, Service","/klining-moskva, /czena-uborki, /posle-remonta, /myte-okon, /uborka-kvartiry, /kontakt",Средний
https://your-domain.ru/himchistka-kovrolina-moskva,Химчистка и мягкая мебель,Категория + лендинги,химчистка ковролина москва,Транзакционный (заказ услуги),900–1400 слов,Цены и что входит в услугу | Как проходит уборка: шаги и сроки | Оборудование и химия: безопасность | Почему выбирают нас (5–7 преимуществ) | Гарантии и контроль качества | Фото до/после (галерея) | Отзывы клиентов | Частые вопросы (FAQ) | Контакты и CTA «Заказать уборку»,Герой + быстрый калькулятор + три тарифа + преимущества + процесс + кейсы/фото + отзывы + FAQ + CTA,Рассчитать стоимость; Заказать уборку; Получить КП (для B2B),"BreadcrumbList, FAQPage, ImageObject, LocalBusiness, Organization, Service","/klining-moskva, /czena-uborki, /posle-remonta, /myte-okon, /uborka-kvartiry, /kontakt",Средний
https://your-domain.ru/udalenie-zapahov-moskva,Химчистка и мягкая мебель,Категория + лендинги,удаление запахов москва,Транзакционный (заказ услуги),900–1400 слов,Цены и что входит в услугу | Как проходит уборка: шаги и сроки | Оборудование и химия: безопасность | Почему выбирают нас (5–7 преимуществ) | Гарантии и контроль качества | Фото до/после (галерея) | Отзывы клиентов | Частые вопросы (FAQ) | Контакты и CTA «Заказать уборку»,Герой + быстрый калькулятор + три тарифа + преимущества + процесс + кейсы/фото + отзывы + FAQ + CTA,Рассчитать стоимость; Заказать уборку; Получить КП (для B2B),"BreadcrumbList, FAQPage, ImageObject, LocalBusiness, Organization, Service","/klining-moskva, /czena-uborki, /posle-remonta, /myte-okon, /uborka-kvartiry, /kontakt",Средний
https://your-domain.ru/vyvedenie-pyaten-mebel-moskva,Химчистка и мягкая мебель,Категория + лендинги,выведение пятен мебель москва,Транзакционный (заказ услуги),900–1400 слов,Цены и что входит в услугу | Как проходит уборка: шаги и сроки | Оборудование и химия: безопасность | Почему выбирают нас (5–7 преимуществ) | Гарантии и контроль качества | Фото до/после (галерея) | Отзывы клиентов | Частые вопросы (FAQ) | Контакты и CTA «Заказать уборку»,Герой + быстрый калькулятор + три тарифа + преимущества + процесс + кейсы/фото + отзывы + FAQ + CTA,Рассчитать стоимость; Заказать уборку; Получить КП (для B2B),"BreadcrumbList, FAQPage, ImageObject, LocalBusiness, Organization, Service","/klining-moskva, /czena-uborki, /posle-remonta, /myte-okon, /uborka-kvartiry, /kontakt",Средний
https://your-domain.ru/polirovka-mramora-moskva,Твёрдые поверхности и полы,Категория + лендинги,полировка мрамора москва,Транзакционный (заказ услуги),900–1400 слов,Цены и что входит в услугу | Как проходит уборка: шаги и сроки | Оборудование и химия: безопасность | Почему выбирают нас (5–7 преимуществ) | Гарантии и контроль качества | Фото до/после (галерея) | Отзывы клиентов | Частые вопросы (FAQ) | Контакты и CTA «Заказать уборку»,Герой + быстрый калькулятор + три тарифа + преимущества + процесс + кейсы/фото + отзывы + FAQ + CTA,Рассчитать стоимость; Заказать уборку; Получить КП (для B2B),"BreadcrumbList, FAQPage, ImageObject, LocalBusiness, Organization, Service","/klining-moskva, /czena-uborki, /posle-remonta, /myte-okon, /uborka-kvartiry, /kontakt",Средний
https://your-domain.ru/kristallizaciya-mramora-moskva,Твёрдые поверхности и полы,Категория + лендинги,кристаллизация мрамора москва,Транзакционный (заказ услуги),900–1400 слов,Цены и что входит в услугу | Как проходит уборка: шаги и сроки | Оборудование и химия: безопасность | Почему выбирают нас (5–7 преимуществ) | Гарантии и контроль качества | Фото до/после (галерея) | Отзывы клиентов | Частые вопросы (FAQ) | Контакты и CTA «Заказать уборку»,Герой + быстрый калькулятор + три тарифа + преимущества + процесс + кейсы/фото + отзывы + FAQ + CTA,Рассчитать стоимость; Заказать уборку; Получить КП (для B2B),"BreadcrumbList, FAQPage, ImageObject, LocalBusiness, Organization, Service","/klining-moskva, /czena-uborki, /posle-remonta, /myte-okon, /uborka-kvartiry, /kontakt",Средний
https://your-domain.ru/shlifovka-polov-moskva,Твёрдые поверхности и полы,Категория + лендинги,шлифовка полов москва,Транзакционный (заказ услуги),900–1400 слов,Цены и что входит в услугу | Как проходит уборка: шаги и сроки | Оборудование и химия: безопасность | Почему выбирают нас (5–7 преимуществ) | Гарантии и контроль качества | Фото до/после (галерея) | Отзывы клиентов | Частые вопросы (FAQ) | Контакты и CTA «Заказать уборку»,Герой + быстрый калькулятор + три тарифа + преимущества + процесс + кейсы/фото + отзывы + FAQ + CTA,Рассчитать стоимость; Заказать уборку; Получить КП (для B2B),"BreadcrumbList, FAQPage, ImageObject, LocalBusiness, Organization, Service","/klining-moskva, /czena-uborki, /posle-remonta, /myte-okon, /uborka-kvartiry, /kontakt",Средний
https://your-domain.ru/glubokaya-chistka-napolnyh-pokrytiy-moskva,Твёрдые поверхности и полы,Категория + лендинги,глубокая чистка напольных покрытий москва,Транзакционный (заказ услуги),900–1400 слов,Цены и что входит в услугу | Как проходит уборка: шаги и сроки | Оборудование и химия: безопасность | Почему выбирают нас (5–7 преимуществ) | Гарантии и контроль качества | Фото до/после (галерея) | Отзывы клиентов | Частые вопросы (FAQ) | Контакты и CTA «Заказать уборку»,Герой + быстрый калькулятор + три тарифа + преимущества + процесс + кейсы/фото + отзывы + FAQ + CTA,Рассчитать стоимость; Заказать уборку; Получить КП (для B2B),"BreadcrumbList, FAQPage, ImageObject, LocalBusiness, Organization, Service","/klining-moskva, /czena-uborki, /posle-remonta, /myte-okon, /uborka-kvartiry, /kontakt",Средний
https://your-domain.ru/moyka-polov-moskva,Твёрдые поверхности и полы,Категория + лендинги,мойка полов москва,Транзакционный (заказ услуги),900–1400 слов,Цены и что входит в услугу | Как проходит уборка: шаги и сроки | Оборудование и химия: безопасность | Почему выбирают нас (5–7 преимуществ) | Гарантии и контроль качества | Фото до/после (галерея) | Отзывы клиентов | Частые вопросы (FAQ) | Контакты и CTA «Заказать уборку»,Герой + быстрый калькулятор + три тарифа + преимущества + процесс + кейсы/фото + отзывы + FAQ + CTA,Рассчитать стоимость; Заказать уборку; Получить КП (для B2B),"BreadcrumbList, FAQPage, ImageObject, LocalBusiness, Organization, Service","/klining-moskva, /czena-uborki, /posle-remonta, /myte-okon, /uborka-kvartiry, /kontakt",Средний
https://your-domain.ru/uborka-kuhni-moskva,"Гигиена, кухня и санузлы",Категория + лендинги,уборка кухни москва,Транзакционный (заказ услуги),900–1400 слов,Цены и что входит в услугу | Как проходит уборка: шаги и сроки | Оборудование и химия: безопасность | Почему выбирают нас (5–7 преимуществ) | Гарантии и контроль качества | Фото до/после (галерея) | Отзывы клиентов | Частые вопросы (FAQ) | Контакты и CTA «Заказать уборку»,Герой + быстрый калькулятор + три тарифа + преимущества + процесс + кейсы/фото + отзывы + FAQ + CTA,Рассчитать стоимость; Заказать уборку; Получить КП (для B2B),"BreadcrumbList, FAQPage, ImageObject, LocalBusiness, Organization, Service","/klining-moskva, /czena-uborki, /posle-remonta, /myte-okon, /uborka-kvartiry, /kontakt",Средний
https://your-domain.ru/chistka-duhovki-moskva,"Гигиена, кухня и санузлы",Категория + лендинги,чистка духовки москва,Транзакционный (заказ услуги),900–1400 слов,Цены и что входит в услугу | Как проходит уборка: шаги и сроки | Оборудование и химия: безопасность | Почему выбирают нас (5–7 преимуществ) | Гарантии и контроль качества | Фото до/после (галерея) | Отзывы клиентов | Частые вопросы (FAQ) | Контакты и CTA «Заказать уборку»,Герой + быстрый калькулятор + три тарифа + преимущества + процесс + кейсы/фото + отзывы + FAQ + CTA,Рассчитать стоимость; Заказать уборку; Получить КП (для B2B),"BreadcrumbList, FAQPage, ImageObject, LocalBusiness, Organization, Service","/klining-moskva, /czena-uborki, /posle-remonta, /myte-okon, /uborka-kvartiry, /kontakt",Средний
https://your-domain.ru/chistka-holodilnika-moskva,"Гигиена, кухня и санузлы",Категория + лендинги,чистка холодильника москва,Транзакционный (заказ услуги),900–1400 слов,Цены и что входит в услугу | Как проходит уборка: шаги и сроки | Оборудование и химия: безопасность | Почему выбирают нас (5–7 преимуществ) | Гарантии и контроль качества | Фото до/после (галерея) | Отзывы клиентов | Частые вопросы (FAQ) | Контакты и CTA «Заказать уборку»,Герой + быстрый калькулятор + три тарифа + преимущества + процесс + кейсы/фото + отзывы + FAQ + CTA,Рассчитать стоимость; Заказать уборку; Получить КП (для B2B),"BreadcrumbList, FAQPage, ImageObject, LocalBusiness, Organization, Service","/klining-moskva, /czena-uborki, /posle-remonta, /myte-okon, /uborka-kvartiry, /kontakt",Средний
https://your-domain.ru/uborka-sanuzla-moskva,"Гигиена, кухня и санузлы",Категория + лендинги,уборка санузла москва,Транзакционный (заказ услуги),900–1400 слов,Цены и что входит в услугу | Как проходит уборка: шаги и сроки | Оборудование и химия: безопасность | Почему выбирают нас (5–7 преимуществ) | Гарантии и контроль качества | Фото до/после (галерея) | Отзывы клиентов | Частые вопросы (FAQ) | Контакты и CTA «Заказать уборку»,Герой + быстрый калькулятор + три тарифа + преимущества + процесс + кейсы/фото + отзывы + FAQ + CTA,Рассчитать стоимость; Заказать уборку; Получить КП (для B2B),"BreadcrumbList, FAQPage, ImageObject, LocalBusiness, Organization, Service","/klining-moskva, /czena-uborki, /posle-remonta, /myte-okon, /uborka-kvartiry, /kontakt",Средний
https://your-domain.ru/eko-uborka-moskva,"Гигиена, кухня и санузлы",Категория + лендинги,эко уборка москва,Транзакционный (заказ услуги),900–1400 слов,Цены и что входит в услугу | Как проходит уборка: шаги и сроки | Оборудование и химия: безопасность | Почему выбирают нас (5–7 преимуществ) | Гарантии и контроль качества | Фото до/после (галерея) | Отзывы клиентов | Частые вопросы (FAQ) | Контакты и CTA «Заказать уборку»,Герой + быстрый калькулятор + три тарифа + преимущества + процесс + кейсы/фото + отзывы + FAQ + CTA,Рассчитать стоимость; Заказать уборку; Получить КП (для B2B),"BreadcrumbList, FAQPage, ImageObject, LocalBusiness, Organization, Service","/klining-moskva, /czena-uborki, /posle-remonta, /myte-okon, /uborka-kvartiry, /kontakt",Средний
https://your-domain.ru/gipoallergennaya-uborka-moskva,"Гигиена, кухня и санузлы",Категория + лендинги,гипоаллергенная уборка москва,Транзакционный (заказ услуги),900–1400 слов,Цены и что входит в услугу | Как проходит уборка: шаги и сроки | Оборудование и химия: безопасность | Почему выбирают нас (5–7 преимуществ) | Гарантии и контроль качества | Фото до/после (галерея) | Отзывы клиентов | Частые вопросы (FAQ) | Контакты и CTA «Заказать уборку»,Герой + быстрый калькулятор + три тарифа + преимущества + процесс + кейсы/фото + отзывы + FAQ + CTA,Рассчитать стоимость; Заказать уборку; Получить КП (для B2B),"BreadcrumbList, FAQPage, ImageObject, LocalBusiness, Organization, Service","/klining-moskva, /czena-uborki, /posle-remonta, /myte-okon, /uborka-kvartiry, /kontakt",Средний
https://your-domain.ru/uborka-bez-himii-moskva,"Гигиена, кухня и санузлы",Категория + лендинги,уборка без химии москва,Транзакционный (заказ услуги),900–1400 слов,Цены и что входит в услугу | Как проходит уборка: шаги и сроки | Оборудование и химия: безопасность | Почему выбирают нас (5–7 преимуществ) | Гарантии и контроль качества | Фото до/после (галерея) | Отзывы клиентов | Частые вопросы (FAQ) | Контакты и CTA «Заказать уборку»,Герой + быстрый калькулятор + три тарифа + преимущества + процесс + кейсы/фото + отзывы + FAQ + CTA,Рассчитать стоимость; Заказать уборку; Получить КП (для B2B),"BreadcrumbList, FAQPage, ImageObject, LocalBusiness, Organization, Service","/klining-moskva, /czena-uborki, /posle-remonta, /myte-okon, /uborka-kvartiry, /kontakt",Средний
https://your-domain.ru/uborka-s-parogeneratorom-moskva,"Гигиена, кухня и санузлы",Категория + лендинги,уборка с парогенератором москва,Транзакционный (заказ услуги),900–1400 слов,Цены и что входит в услугу | Как проходит уборка: шаги и сроки | Оборудование и химия: безопасность | Почему выбирают нас (5–7 преимуществ) | Гарантии и контроль качества | Фото до/после (галерея) | Отзывы клиентов | Частые вопросы (FAQ) | Контакты и CTA «Заказать уборку»,Герой + быстрый калькулятор + три тарифа + преимущества + процесс + кейсы/фото + отзывы + FAQ + CTA,Рассчитать стоимость; Заказать уборку; Получить КП (для B2B),"BreadcrumbList, FAQPage, ImageObject, LocalBusiness, Organization, Service","/klining-moskva, /czena-uborki, /posle-remonta, /myte-okon, /uborka-kvartiry, /kontakt",Средний
https://your-domain.ru/antibakterialnaya-uborka-moskva,"Гигиена, кухня и санузлы",Категория + лендинги,антибактериальная уборка москва,Транзакционный (заказ услуги),900–1400 слов,Цены и что входит в услугу | Как проходит уборка: шаги и сроки | Оборудование и химия: безопасность | Почему выбирают нас (5–7 преимуществ) | Гарантии и контроль качества | Фото до/после (галерея) | Отзывы клиентов | Частые вопросы (FAQ) | Контакты и CTA «Заказать уборку»,Герой + быстрый калькулятор + три тарифа + преимущества + процесс + кейсы/фото + отзывы + FAQ + CTA,Рассчитать стоимость; Заказать уборку; Получить КП (для B2B),"BreadcrumbList, FAQPage, ImageObject, LocalBusiness, Organization, Service","/klining-moskva, /czena-uborki, /posle-remonta, /myte-okon, /uborka-kvartiry, /kontakt",Средний
https://your-domain.ru/ezhenedelnaya-uborka-moskva,Графики уборки,Сервис-страницы,еженедельная уборка москва,Транзакционный (заказ услуги),900–1400 слов,Цены и что входит в услугу | Как проходит уборка: шаги и сроки | Оборудование и химия: безопасность | Почему выбирают нас (5–7 преимуществ) | Гарантии и контроль качества | Фото до/после (галерея) | Отзывы клиентов | Частые вопросы (FAQ) | Контакты и CTA «Заказать уборку»,Герой + быстрый калькулятор + три тарифа + преимущества + процесс + кейсы/фото + отзывы + FAQ + CTA,Рассчитать стоимость; Заказать уборку; Получить КП (для B2B),"BreadcrumbList, FAQPage, ImageObject, LocalBusiness, Organization, Service","/klining-moskva, /czena-uborki, /posle-remonta, /myte-okon, /uborka-kvartiry, /kontakt",Средний
https://your-domain.ru/ezhednevnaya-uborka-moskva,Графики уборки,Сервис-страницы,ежедневная уборка москва,Транзакционный (заказ услуги),900–1400 слов,Цены и что входит в услугу | Как проходит уборка: шаги и сроки | Оборудование и химия: безопасность | Почему выбирают нас (5–7 преимуществ) | Гарантии и контроль качества | Фото до/после (галерея) | Отзывы клиентов | Частые вопросы (FAQ) | Контакты и CTA «Заказать уборку»,Герой + быстрый калькулятор + три тарифа + преимущества + процесс + кейсы/фото + отзывы + FAQ + CTA,Рассчитать стоимость; Заказать уборку; Получить КП (для B2B),"BreadcrumbList, FAQPage, ImageObject, LocalBusiness, Organization, Service","/klining-moskva, /czena-uborki, /posle-remonta, /myte-okon, /uborka-kvartiry, /kontakt",Средний
https://your-domain.ru/ezhemesyachnaya-uborka-moskva,Графики уборки,Сервис-страницы,ежемесячная уборка москва,Транзакционный (заказ услуги),900–1400 слов,Цены и что входит в услугу | Как проходит уборка: шаги и сроки | Оборудование и химия: безопасность | Почему выбирают нас (5–7 преимуществ) | Гарантии и контроль качества | Фото до/после (галерея) | Отзывы клиентов | Частые вопросы (FAQ) | Контакты и CTA «Заказать уборку»,Герой + быстрый калькулятор + три тарифа + преимущества + процесс + кейсы/фото + отзывы + FAQ + CTA,Рассчитать стоимость; Заказать уборку; Получить КП (для B2B),"BreadcrumbList, FAQPage, ImageObject, LocalBusiness, Organization, Service","/klining-moskva, /czena-uborki, /posle-remonta, /myte-okon, /uborka-kvartiry, /kontakt",Средний
https://your-domain.ru/nochnaya-uborka-moskva,Графики уборки,Сервис-страницы,ночная уборка москва,Транзакционный (заказ услуги),900–1400 слов,Цены и что входит в услугу | Как проходит уборка: шаги и сроки | Оборудование и химия: безопасность | Почему выбирают нас (5–7 преимуществ) | Гарантии и контроль качества | Фото до/после (галерея) | Отзывы клиентов | Частые вопросы (FAQ) | Контакты и CTA «Заказать уборку»,Герой + быстрый калькулятор + три тарифа + преимущества + процесс + кейсы/фото + отзывы + FAQ + CTA,Рассчитать стоимость; Заказать уборку; Получить КП (для B2B),"BreadcrumbList, FAQPage, ImageObject, LocalBusiness, Organization, Service","/klining-moskva, /czena-uborki, /posle-remonta, /myte-okon, /uborka-kvartiry, /kontakt",Средний
https://your-domain.ru/uborka-v-vyhodnye-moskva,Графики уборки,Сервис-страницы,уборка в выходные москва,Транзакционный (заказ услуги),900–1400 слов,Цены и что входит в услугу | Как проходит уборка: шаги и сроки | Оборудование и химия: безопасность | Почему выбирают нас (5–7 преимуществ) | Гарантии и контроль качества | Фото до/после (галерея) | Отзывы клиентов | Частые вопросы (FAQ) | Контакты и CTA «Заказать уборку»,Герой + быстрый калькулятор + три тарифа + преимущества + процесс + кейсы/фото + отзывы + FAQ + CTA,Рассчитать стоимость; Заказать уборку; Получить КП (для B2B),"BreadcrumbList, FAQPage, ImageObject, LocalBusiness, Organization, Service","/klining-moskva, /czena-uborki, /posle-remonta, /myte-okon, /uborka-kvartiry, /kontakt",Средний
https://your-domain.ru/uborka-restorana-moskva,B2B: отраслевые объекты,Категория B2B,уборка ресторана москва,Транзакционный B2B,900–1400 слов,"Цены и что входит в услугу | Графики и SLA для офисов | Документы, допуски, договор, НДС | Как проходит уборка: шаги и сроки | Оборудование и химия: безопасность | Почему выбирают нас (5–7 преимуществ) | Гарантии и контроль качества | Фото до/после (галерея) | Отзывы клиентов | Частые вопросы (FAQ) | Контакты и CTA «Заказать уборку»",Герой + быстрый калькулятор + три тарифа + преимущества + процесс + кейсы/фото + отзывы + FAQ + CTA,Рассчитать стоимость; Заказать уборку; Получить КП (для B2B),"BreadcrumbList, FAQPage, ImageObject, LocalBusiness, Organization, Service","/klining-moskva, /czena-uborki, /posle-remonta, /myte-okon, /uborka-kvartiry, /kontakt",Средний
https://your-domain.ru/uborka-kafe-moskva,B2B: отраслевые объекты,Категория B2B,уборка кафе москва,Транзакционный B2B,900–1400 слов,"Цены и что входит в услугу | Графики и SLA для офисов | Документы, допуски, договор, НДС | Как проходит уборка: шаги и сроки | Оборудование и химия: безопасность | Почему выбирают нас (5–7 преимуществ) | Гарантии и контроль качества | Фото до/после (галерея) | Отзывы клиентов | Частые вопросы (FAQ) | Контакты и CTA «Заказать уборку»",Герой + быстрый калькулятор + три тарифа + преимущества + процесс + кейсы/фото + отзывы + FAQ + CTA,Рассчитать стоимость; Заказать уборку; Получить КП (для B2B),"BreadcrumbList, FAQPage, ImageObject, LocalBusiness, Organization, Service","/klining-moskva, /czena-uborki, /posle-remonta, /myte-okon, /uborka-kvartiry, /kontakt",Средний
https://your-domain.ru/uborka-gostinic-moskva,B2B: отраслевые объекты,Категория B2B,уборка гостиниц москва,Транзакционный B2B,900–1400 слов,"Цены и что входит в услугу | Графики и SLA для офисов | Документы, допуски, договор, НДС | Как проходит уборка: шаги и сроки | Оборудование и химия: безопасность | Почему выбирают нас (5–7 преимуществ) | Гарантии и контроль качества | Фото до/после (галерея) | Отзывы клиентов | Частые вопросы (FAQ) | Контакты и CTA «Заказать уборку»",Герой + быстрый калькулятор + три тарифа + преимущества + процесс + кейсы/фото + отзывы + FAQ + CTA,Рассчитать стоимость; Заказать уборку; Получить КП (для B2B),"BreadcrumbList, FAQPage, ImageObject, LocalBusiness, Organization, Service","/klining-moskva, /czena-uborki, /posle-remonta, /myte-okon, /uborka-kvartiry, /kontakt",Средний
https://your-domain.ru/uborka-medicinskih-uchrezhdeniy-moskva,B2B: отраслевые объекты,Категория B2B,уборка медицинских учреждений москва,Транзакционный B2B,900–1400 слов,"Цены и что входит в услугу | Графики и SLA для офисов | Документы, допуски, договор, НДС | Как проходит уборка: шаги и сроки | Оборудование и химия: безопасность | Почему выбирают нас (5–7 преимуществ) | Гарантии и контроль качества | Фото до/после (галерея) | Отзывы клиентов | Частые вопросы (FAQ) | Контакты и CTA «Заказать уборку»",Герой + быстрый калькулятор + три тарифа + преимущества + процесс + кейсы/фото + отзывы + FAQ + CTA,Рассчитать стоимость; Заказать уборку; Получить КП (для B2B),"BreadcrumbList, FAQPage, ImageObject, LocalBusiness, Organization, Service","/klining-moskva, /czena-uborki, /posle-remonta, /myte-okon, /uborka-kvartiry, /kontakt",Средний
https://your-domain.ru/klining-skladov-moskva,B2B: отраслевые объекты,Категория B2B,клининг складов москва,Транзакционный B2B,900–1400 слов,"Цены и что входит в услугу | Графики и SLA для офисов | Документы, допуски, договор, НДС | Как проходит уборка: шаги и сроки | Оборудование и химия: безопасность | Почему выбирают нас (5–7 преимуществ) | Гарантии и контроль качества | Фото до/после (галерея) | Отзывы клиентов | Частые вопросы (FAQ) | Контакты и CTA «Заказать уборку»",Герой + быстрый калькулятор + три тарифа + преимущества + процесс + кейсы/фото + отзывы + FAQ + CTA,Рассчитать стоимость; Заказать уборку; Получить КП (для B2B),"BreadcrumbList, FAQPage, ImageObject, LocalBusiness, Organization, Service","/klining-moskva, /czena-uborki, /posle-remonta, /myte-okon, /uborka-kvartiry, /kontakt",Средний
https://your-domain.ru/uborka-territorii-moskva,Улица и территории,Категория + лендинги,уборка территории москва,Транзакционный (заказ услуги),900–1400 слов,Цены и что входит в услугу | Как проходит уборка: шаги и сроки | Оборудование и химия: безопасность | Почему выбирают нас (5–7 преимуществ) | Гарантии и контроль качества | Фото до/после (галерея) | Отзывы клиентов | Частые вопросы (FAQ) | Контакты и CTA «Заказать уборку»,Герой + быстрый калькулятор + три тарифа + преимущества + процесс + кейсы/фото + отзывы + FAQ + CTA,Рассчитать стоимость; Заказать уборку; Получить КП (для B2B),"BreadcrumbList, FAQPage, ImageObject, LocalBusiness, Organization, Service","/klining-moskva, /czena-uborki, /posle-remonta, /myte-okon, /uborka-kvartiry, /kontakt",Средний
https://your-domain.ru/uborka-snega-moskva,Улица и территории,Категория + лендинги,уборка снега москва,Транзакционный (заказ услуги),900–1400 слов,Цены и что входит в услугу | Как проходит уборка: шаги и сроки | Оборудование и химия: безопасность | Почему выбирают нас (5–7 преимуществ) | Гарантии и контроль качества | Фото до/после (галерея) | Отзывы клиентов | Частые вопросы (FAQ) | Контакты и CTA «Заказать уборку»,Герой + быстрый калькулятор + три тарифа + преимущества + процесс + кейсы/фото + отзывы + FAQ + CTA,Рассчитать стоимость; Заказать уборку; Получить КП (для B2B),"BreadcrumbList, FAQPage, ImageObject, LocalBusiness, Organization, Service","/klining-moskva, /czena-uborki, /posle-remonta, /myte-okon, /uborka-kvartiry, /kontakt",Средний
https://your-domain.ru/uborka-parkovki-moskva,Улица и территории,Категория + лендинги,уборка парковки москва,Транзакционный (заказ услуги),900–1400 слов,Цены и что входит в услугу | Как проходит уборка: шаги и сроки | Оборудование и химия: безопасность | Почему выбирают нас (5–7 преимуществ) | Гарантии и контроль качества | Фото до/после (галерея) | Отзывы клиентов | Частые вопросы (FAQ) | Контакты и CTA «Заказать уборку»,Герой + быстрый калькулятор + три тарифа + преимущества + процесс + кейсы/фото + отзывы + FAQ + CTA,Рассчитать стоимость; Заказать уборку; Получить КП (для B2B),"BreadcrumbList, FAQPage, ImageObject, LocalBusiness, Organization, Service","/klining-moskva, /czena-uborki, /posle-remonta, /myte-okon, /uborka-kvartiry, /kontakt",Средний
https://your-domain.ru/uborka-podezdov-moskva,Улица и территории,Категория + лендинги,уборка подъездов москва,Транзакционный (заказ услуги),900–1400 слов,Цены и что входит в услугу | Как проходит уборка: шаги и сроки | Оборудование и химия: безопасность | Почему выбирают нас (5–7 преимуществ) | Гарантии и контроль качества | Фото до/после (галерея) | Отзывы клиентов | Частые вопросы (FAQ) | Контакты и CTA «Заказать уборку»,Герой + быстрый калькулятор + три тарифа + преимущества + процесс + кейсы/фото + отзывы + FAQ + CTA,Рассчитать стоимость; Заказать уборку; Получить КП (для B2B),"BreadcrumbList, FAQPage, ImageObject, LocalBusiness, Organization, Service","/klining-moskva, /czena-uborki, /posle-remonta, /myte-okon, /uborka-kvartiry, /kontakt",Средний
